SALE TYPE,SOLD DATE,PROPERTY TYPE,ADDRESS,CITY,STATE OR PROVINCE,ZIP OR POSTAL CODE,PRICE,BEDS,BATHS,LOCATION,SQUARE FEET,LOT SIZE,YEAR BUILT,DAYS ON MARKET,$/SQUARE FEET,HOA/MONTH,STATUS,NEXT OPEN HOUSE START TIME,NEXT OPEN HOUSE END TIME,URL (SEE http://www.redfin.com/buy-a-home/comparative-market-analysis FOR INFO ON PRICING),SOURCE,MLS#,FAVORITE,INTERESTED,LATITUDE,LONGITUDE
MLS Listing,,Condo/Co-op,2189 Market St #7,San Francisco,CA,94114,975000,2,1.0,San Francisco,770,8182,2002,1,1266,611,Active,,,http://www.redfin.com/CA/San-Francisco/2189-Market-St-94114/unit-7/home/1528790,San Francisco MLS,421553863,N,Y,37.7658753,-122.4306438
MLS Listing,,Condo/Co-op,1584 48th Ave Unit A,San Francisco,CA,94122,895000,1,1.0,San Francisco,739,2675,1973,6,1211,200,Active,,,http://www.redfin.com/CA/San-Francisco/1584-48th-Ave-94122/unit-A/home/635853,San Francisco MLS,421548664,N,Y,37.7569033,-122.507582
MLS Listing,,Single Family Residential,1461 Kansas St,San Francisco,CA,94107,1095000,2,1.0,San Francisco,946,2500,,7,1158,,Active,,,http://www.redfin.com/CA/San-Francisco/1461-Kansas-St-94107/home/738988,San Francisco MLS,421547622,N,Y,37.751169,-122.401927
MLS Listing,,Multi-Family (2-4 Unit),1527 - 1529 12th Ave,San Francisco,CA,94122,1798000,6,2.5,San Francisco,2400,2996,1946,8,749,,Active,,,http://www.redfin.com/CA/San-Francisco/1527-12th-Ave-94122/home/1595972,San Francisco MLS,421547307,N,Y,37.7596008,-122.469552
MLS Listing,,Condo/Co-op,250 King St #1214,San Francisco,CA,94107,869000,1,1.0,San Francisco,962,213232,2004,13,903,862,Active,,,http://www.redfin.com/CA/San-Francisco/250-King-St-94107/unit-1214/home/12401997,San Francisco MLS,421545142,N,Y,37.7781222,-122.3932903
MLS Listing,,Single Family Residential,2037 14th Ave,SAN FRANCISCO,CA,94116,1399000,2,1.0,SAN FRANCISCO,1075,2068,1947,14,1301,,Active,,,http://www.redfin.com/CA/San-Francisco/2037-14th-Ave-94116/home/649465,MLSListings,ML81842407,N,Y,37.7500531,-122.4711598
MLS Listing,,Single Family Residential,1403 Hudson Ave,San Francisco,CA,94124,1998000,4,2.5,San Francisco,3282,3424,2007,14,609,,Active,,,http://www.redfin.com/CA/San-Francisco/1403-Hudson-Ave-94124/home/21967406,San Francisco MLS,421543439,N,Y,37.737751,-122.384753
MLS Listing,,Condo/Co-op,388 Fulton St #405,SAN FRANCISCO,CA,94102,898000,2,1.0,SAN FRANCISCO,720,,2016,15,1247,639,Active,,,http://www.redfin.com/CA/San-Francisco/388-Fulton-St-94102/unit-405/home/105419644,MLSListings,ML81842102,N,Y,37.7790326,-122.4231449
MLS Listing,,Condo/Co-op,248 Myrtle St,San Francisco,CA,94109,875000,2,1.0,San Francisco,975,3828,1900,16,897,461,Active,,,http://www.redfin.com/CA/San-Francisco/248-Myrtle-St-94109/home/1491675,San Francisco MLS,421544867,N,Y,37.7852487,-122.4221514
MLS Listing,,Single Family Residential,4353 17th St,San Francisco,CA,94114,899000,1,1.0,San Francisco,685,1123,1909,16,1312,,Active,,,http://www.redfin.com/CA/San-Francisco/4353-17th-St-94114/home/1299551,San Francisco MLS,421544792,N,Y,37.7619358,-122.4417445
MLS Listing,,Condo/Co-op,1268 Dolores St,SAN FRANCISCO,CA,94110,1389000,2,2.0,SAN FRANCISCO,1267,2473,2012,18,1096,232,Active,,,http://www.redfin.com/CA/San-Francisco/1268-Dolores-St-94110/home/40454946,MLSListings,ML81841792,N,Y,37.7490964,-122.4252083
MLS Listing,,Multi-Family (2-4 Unit),82 Landers St,San Francisco,CA,94114,2195000,3,3.0,San Francisco,2117,3125,1903,52,1037,,Active,,,http://www.redfin.com/CA/San-Francisco/82-Landers-St-94114/home/1093547,San Francisco MLS,421532622,N,Y,37.7665349,-122.4280219
MLS Listing,,Single Family Residential,542 Rhode Island St,San Francisco,CA,94107,2398000,3,2.0,San Francisco,,2500,1938,54,,,Active,,,http://www.redfin.com/CA/San-Francisco/542-Rhode-Island-St-94107/home/727244,San Francisco MLS,421531300,N,Y,37.7628828,-122.4026251
MLS Listing,,Condo/Co-op,5800 3Rd St #1211,San Francisco,CA,94124,680000,1,1.0,Portola District,817,,2010,89,832,432,Active,,,http://www.redfin.com/CA/San-Francisco/5800-3rd-St-94124/unit-1211/home/40625857,"bridgeMLS, Bay East AOR, or Contra Costa AOR",40938478,N,Y,37.7253452,-122.3948096
MLS Listing,,Single Family Residential,19 Vista View Ct,San Francisco,CA,94124,899000,3,2.0,San Francisco,1594,,,1,564,426,Active,,,http://www.redfin.com/CA/San-Francisco/19-Vistaview-Ct-94124/home/750408,San Francisco MLS,421553398,N,Y,37.7336117,-122.395445
MLS Listing,,Condo/Co-op,1241 Francisco St,San Francisco,CA,94123,1795000,2,1.5,San Francisco,1450,18906,1923,1,1238,917,Active,,,http://www.redfin.com/CA/San-Francisco/1241-Francisco-St-94123/home/12354505,San Francisco MLS,421548814,N,Y,37.8028752,-122.4255877
MLS Listing,,Condo/Co-op,35 Dolores St #401,San Francisco,CA,94103,1695000,2,2.0,San Francisco,1227,19819,2015,1,1381,661,Active,,,http://www.redfin.com/CA/San-Francisco/35-Dolores-St-94103/unit-401/home/175158562,San Francisco MLS,421553848,N,Y,37.7686054,-122.4265343
MLS Listing,,Single Family Residential,3511 Jackson St,San Francisco,CA,94118,7350000,4,4.5,San Francisco,,3192,1912,1,,,Active,,,http://www.redfin.com/CA/San-Francisco/3511-Jackson-St-94118/home/1297034,San Francisco MLS,421542440,N,Y,37.7899,-122.4530711
MLS Listing,,Single Family Residential,2511 Broadway St,San Francisco,CA,94115,11500000,6,4.5,San Francisco,,5601,1900,1,,,Active,,,http://www.redfin.com/CA/San-Francisco/2511-Broadway-94115/home/567018,San Francisco MLS,421541636,N,Y,37.7934793,-122.4388083
MLS Listing,,Condo/Co-op,909 Union,San Francisco,CA,94133,1695000,3,2.0,San Francisco,1425,,,1,1189,495,Active,,,http://www.redfin.com/CA/San-Francisco/909-Union-St-94133/home/148059624,San Francisco MLS,421547344,N,Y,37.7996445,-122.4144454
MLS Listing,,Condo/Co-op,1921 Grant Ave,San Francisco,CA,94133,1595000,2,2.0,San Francisco,1473,2021,1907,1,1083,400,Active,,,http://www.redfin.com/CA/San-Francisco/1921-Grant-Ave-94133/home/109464563,San Francisco MLS,421552079,N,Y,37.8047074,-122.4086131
MLS Listing,,Multi-Family (2-4 Unit),1647 Grant Ave,San Francisco,CA,94133,3695000,14,4.5,San Francisco,4065,1200,1908,1,909,,Active,,,http://www.redfin.com/CA/San-Francisco/1647-Grant-Ave-94133/home/1991366,San Francisco MLS,421553763,N,Y,37.80215,-122.408066
MLS Listing,,Condo/Co-op,3322 22nd St,San Francisco,CA,94110,1395000,2,1.0,San Francisco,1238,2508,1900,1,1127,350,Active,,,http://www.redfin.com/CA/San-Francisco/3322-22nd-St-94110/home/17305537,San Francisco MLS,421548545,N,Y,37.75551,-122.421609
MLS Listing,,Single Family Residential,470 Paris St,San Francisco,CA,94112,1199000,2,1.5,San Francisco,1370,1550,1915,1,875,,Active,,,http://www.redfin.com/CA/San-Francisco/470-Paris-St-94112/home/1176908,San Francisco MLS,421547782,N,Y,37.7213556,-122.4354371
MLS Listing,,Condo/Co-op,199 New Montgomery St #1301,San Francisco,CA,94105,1195000,2,2.0,San Francisco,,12848,2004,1,,716,Active,,,http://www.redfin.com/CA/San-Francisco/199-New-Montgomery-St-94105/unit-1301/home/12401611,San Francisco MLS,421553249,N,Y,37.7866287,-122.3991624
MLS Listing,,Condo/Co-op,818 Van Ness Ave #509,San Francisco,CA,94109,599000,1,1.0,San Francisco,724,9810,2008,1,827,665,Active,,,http://www.redfin.com/CA/San-Francisco/818-Van-Ness-Ave-94109/unit-509/home/40138566,San Francisco MLS,421547103,N,Y,37.783203,-122.4205684
MLS Listing,,Condo/Co-op,72 Townsend St #702,San Francisco,CA,94107,1599000,2,2.0,San Francisco,,,,1,,900,Active,,,http://www.redfin.com/CA/San-Francisco/72-Townsend-St-94107/unit-702/home/102283789,San Francisco MLS,421542153,N,Y,37.7812595,-122.3902125
MLS Listing,,Condo/Co-op,425 1st St #4705,San Francisco,CA,94105,1000000,1,1.0,San Francisco,710,56024,2008,1,1408,1066,Active,,,http://www.redfin.com/CA/San-Francisco/425-1st-St-94105/unit-4705/home/17306405,San Francisco MLS,421553743,N,Y,37.785708,-122.392204
MLS Listing,,Single Family Residential,230 Rhine St,SAN FRANCISCO,CA,94112,998000,5,4.5,SAN FRANCISCO,1541,2500,1924,1,648,,Active,,,http://www.redfin.com/CA/San-Francisco/230-Rhine-St-94112/home/1274892,MLSListings,ML81844543,N,Y,37.7082888,-122.4622594
MLS Listing,,Single Family Residential,1942 44th Ave,San Francisco,CA,94116,1688000,5,3.0,San Francisco,1631,3000,1945,1,,,Active,,,http://www.redfin.com/CA/San-Francisco/1942-44th-Ave-94116/home/893704,MetroList,421553660,N,Y,37.7503841,-122.5028397
MLS Listing,,Multi-Family (2-4 Unit),180 3rd St,San Francisco,CA,94118,3500,3,,San Francisco,1400,3000,,1,3,,Active,,,http://www.redfin.com/CA/San-Francisco/180-3rd-Ave-94118/home/603024,San Francisco MLS,421553688,N,Y,37.7851983,-122.4612092
MLS Listing,,Condo/Co-op,926 Grove St #6,San Francisco,CA,94117,1498000,2,1.5,San Francisco,1130,8619,2004,1,1326,534,Active,,,http://www.redfin.com/CA/San-Francisco/926-Grove-St-94117/unit-6/home/1399575,San Francisco MLS,421553659,N,Y,37.7769909,-122.4321664
MLS Listing,,Multi-Family (2-4 Unit),909 - 911 Broderick St,San Francisco,CA,94115,2100000,4,1.0,San Francisco,2300,2186,1920,1,913,,Active,,,http://www.redfin.com/CA/San-Francisco/909-Broderick-St-94115/home/1877544,San Francisco MLS,421553514,N,Y,37.7787107,-122.440533
MLS Listing,,Multi-Family (2-4 Unit),1632 - 1638 Post St,San Francisco,CA,94115,3000000,5,,San Francisco,4500,3125,1958,1,667,,Active,,,http://www.redfin.com/CA/San-Francisco/1632-Post-St-94115/home/175156962,San Francisco MLS,421553619,N,Y,37.785967,-122.428786
MLS Listing,,Single Family Residential,207 Brussels St,San Francisco,CA,94134,1288000,6,4.0,San Francisco,1675,2359,1923,1,769,,Active,,,http://www.redfin.com/CA/San-Francisco/207-Brussels-St-94134/home/775422,San Francisco MLS,421553617,N,Y,37.7294088,-122.406298
MLS Listing,,Single Family Residential,954 GIRARD St,San Francisco,CA,94134,599000,3,2.5,Portola,1100,3000,1925,1,545,,Active,,,http://www.redfin.com/CA/San-Francisco/954-Girard-St-94134/home/1821819,"bridgeMLS, Bay East AOR, or Contra Costa AOR",40950429,N,Y,37.7206238,-122.4020609
MLS Listing,,Single Family Residential,1469 Palou Ave,San Francisco,CA,94124,998888,4,2.0,San Francisco,2362,2996,1900,1,423,,Active,,,http://www.redfin.com/CA/San-Francisco/1469-Palou-Ave-94124/home/747673,San Francisco MLS,421553559,N,Y,37.7324071,-122.3886318
MLS Listing,,Single Family Residential,1057 Treat Ave,SAN FRANCISCO,CA,94110,1299000,2,2.0,SAN FRANCISCO,1617,3184,1900,1,803,,Active,,,http://www.redfin.com/CA/San-Francisco/1057-Treat-Ave-94110/home/722025,MLSListings,ML81844450,N,Y,37.7532766,-122.4127504
MLS Listing,,Condo/Co-op,349 South Van Ness Ave #1,San Francisco,CA,94103,775000,2,1.0,San Francisco,765,,1917,1,1013,377,Active,,,http://www.redfin.com/CA/San-Francisco/349-S-Van-Ness-Ave-94103/unit-1/home/173078497,San Francisco MLS,421552186,N,Y,37.7676827,-122.4175037
MLS Listing,,Condo/Co-op,855 Folsom St #519,San Francisco,CA,94107,1595000,2,2.0,San Francisco,1396,55687,2001,1,1143,822,Active,,,http://www.redfin.com/CA/San-Francisco/855-Folsom-St-94107/unit-519/home/12398114,San Francisco MLS,421548493,N,Y,37.7808956,-122.4019503
MLS Listing,,Single Family Residential,2232 Jackson St,San Francisco,CA,94115,4200000,3,2.5,San Francisco,2174,3192,1900,1,1932,,Active,,,http://www.redfin.com/CA/San-Francisco/2232-Jackson-St-94115/home/1180677,San Francisco MLS,421553461,N,Y,37.793075,-122.4319583
MLS Listing,,Multi-Family (2-4 Unit),937 Howard St,San Francisco,CA,94103,3300,6,,San Francisco,2800,1500,1907,1,1,,Active,,,http://www.redfin.com/CA/San-Francisco/937-Howard-St-94103/home/1939200,San Francisco MLS,421553488,N,Y,37.7806484,-122.405601
MLS Listing,,Condo/Co-op,401 Harrison St Unit 7F,San Francisco,CA,94105,1295000,2,2.0,San Francisco,1243,,2016,1,1042,1404,Active,,,http://www.redfin.com/CA/San-Francisco/401-Harrison-St-94105/unit-7F/home/112335667,San Francisco MLS,421553484,N,Y,37.7864989,-122.3921487
MLS Listing,,Single Family Residential,30 Elsie St,San Francisco,CA,94110,1895000,3,2.0,San Francisco,1900,1750,1907,1,997,,Active,,,http://www.redfin.com/CA/San-Francisco/30-Elsie-St-94110/home/1631173,San Francisco MLS,421553376,N,Y,37.7444857,-122.4168069
MLS Listing,,Single Family Residential,1638 44th Ave,San Francisco,CA,94122,1195000,2,1.0,San Francisco,1195,2996,1940,1,1000,,Active,,,http://www.redfin.com/CA/San-Francisco/1638-44th-Ave-94122/home/1943411,San Francisco MLS,421553417,N,Y,37.7560442,-122.5032745
MLS Listing,,Condo/Co-op,329 Bay St #307,San Francisco,CA,94133,1290000,2,2.0,San Francisco,1225,8580,2007,1,1053,,Active,,,http://www.redfin.com/CA/San-Francisco/329-Bay-St-94133/unit-307/home/21967118,"bridgeMLS, Bay East AOR, or Contra Costa AOR",40950377,N,Y,37.8055104,-122.4126562
MLS Listing,,Single Family Residential,675 - 677 6th Ave,San Francisco,CA,94118,1799000,5,3.0,San Francisco,2750,2996,1907,1,654,,Active,,,http://www.redfin.com/CA/San-Francisco/675-6th-Ave-94118/home/1948875,San Francisco MLS,421553349,N,Y,37.7758402,-122.4642381
MLS Listing,,Condo/Co-op,1177 California St #201,San Francisco,CA,94108,899000,1,1.0,San Francisco,,,1978,1,,1263,Active,,,http://www.redfin.com/CA/San-Francisco/1177-California-St-94108/unit-201/home/549691,San Francisco MLS,421553480,N,Y,37.7913209,-122.4137552
MLS Listing,,Condo/Co-op,1868 Van Ness Ave #505,San Francisco,CA,94109,950000,1,1.0,San Francisco,688,9202,2017,1,1381,660,Active,,,http://www.redfin.com/CA/San-Francisco/1868-Van-Ness-Ave-94109/unit-505/home/125806088,San Francisco MLS,421553176,N,Y,37.7929464,-122.422437
MLS Listing,,Multi-Family (5+ Unit),669 Ellis St,San Francisco,CA,94109,3200000,2,,San Francisco,7654,2363,1909,1,418,,Active,,,http://www.redfin.com/CA/San-Francisco/669-Ellis-St-94109/home/1029801,San Francisco MLS,421553478,N,Y,37.7841331,-122.4171498
MLS Listing,,Condo/Co-op,3131 Pierce St #301,San Francisco,CA,94123,1649000,2,2.0,San Francisco,,,,1,,1082,Active,,,http://www.redfin.com/CA/San-Francisco/3131-Pierce-St-94123/unit-301/home/175155414,San Francisco MLS,421553477,N,Y,37.7989774,-122.4394952
MLS Listing,,Condo/Co-op,3131 Pierce St #406,San Francisco,CA,94123,1649000,2,2.0,San Francisco,,,,1,,1055,Active,,,http://www.redfin.com/CA/San-Francisco/3131-Pierce-St-94123/unit-406/home/175155344,San Francisco MLS,421553472,N,Y,37.7989774,-122.4394952
MLS Listing,,Condo/Co-op,858 Capp St #7,San Francisco,CA,94110,1699000,2,2.0,San Francisco,1361,,2021,1,1248,471,Active,,,http://www.redfin.com/CA/San-Francisco/858-Capp-St-94110/unit-7/home/175155210,San Francisco MLS,421553464,N,Y,37.7529271,-122.4176769
MLS Listing,,Single Family Residential,1837 21st Ave,San Francisco,CA,94122,2200000,7,4.0,San Francisco,2940,2996,1931,1,748,,Active,,,http://www.redfin.com/CA/San-Francisco/1837-21st-Ave-94122/home/2018771,San Francisco MLS,421551255,N,Y,37.7534205,-122.4788653
MLS Listing,,Condo/Co-op,140 South Van Ness Ave #310,San Francisco,CA,94103,735000,1,1.0,San Francisco,795,43147,2002,2,925,550,Active,,,http://www.redfin.com/CA/San-Francisco/140-S-Van-Ness-Ave-94103/unit-310/home/1170133,San Francisco MLS,421553387,N,Y,37.7716556,-122.418809
MLS Listing,,Multi-Family (2-4 Unit),4119/4121 Irving St,SAN FRANCISCO,CA,94122,1398888,4,2.0,SAN FRANCISCO,2647,2495,1955,2,528,,Active,,,http://www.redfin.com/CA/San-Francisco/4121-Irving-St-94122/home/175154128,MLSListings,ML81844352,N,Y,37.7623455,-122.5022562
MLS Listing,,Condo/Co-op,8100 Oceanview Ter #115,San Francisco,CA,94132,629000,1,1.0,San Francisco,755,,,2,833,578,Active,,,http://www.redfin.com/CA/San-Francisco/8100-Oceanview-Ter-94132/unit-115/home/1151921,San Francisco MLS,421547673,N,Y,37.7101487,-122.4668222
MLS Listing,,Condo/Co-op,888 7th St Unit LL-45,San Francisco,CA,94107,828000,1,1.5,San Francisco,714,95280,2007,2,1160,435,Active,,,http://www.redfin.com/CA/San-Francisco/888-7th-St-94107/unit-LL-45/home/17305929,BAREIS,421546087,N,Y,37.7705534,-122.4004057
MLS Listing,,Multi-Family (2-4 Unit),65 - 67 Broad St,San Francisco,CA,94112,1495000,5,2.0,San Francisco,2750,3123,1900,2,544,,Active,,,http://www.redfin.com/CA/San-Francisco/65-Broad-St-94112/home/828975,San Francisco MLS,421552176,N,Y,37.7129161,-122.4551776
MLS Listing,,Condo/Co-op,1268 Lombard St #2,San Francisco,CA,94109,3299000,3,2.0,San Francisco,,4261,2013,2,,646,Active,,,http://www.redfin.com/CA/San-Francisco/1268-Lombard-St-94109/unit-2/home/52208350,San Francisco MLS,421551418,N,Y,37.8018501,-122.4224317
MLS Listing,,Single Family Residential,218 Cambridge St,San Francisco,CA,94134,988000,2,1.0,San Francisco,1162,2374,1947,2,850,,Active,,,http://www.redfin.com/CA/San-Francisco/218-Cambridge-St-94134/home/772237,San Francisco MLS,421553287,N,Y,37.728589,-122.4195722
MLS Listing,,Condo/Co-op,601 Van Ness Ave #45,San Francisco,CA,94102,799000,2,2.0,San Francisco,1093,105806,1983,2,731,1130,Active,,,http://www.redfin.com/CA/San-Francisco/601-Van-Ness-Ave-94102/unit-45/home/1708420,San Francisco MLS,421553187,N,Y,37.7813653,-122.4215253
MLS Listing,,Condo/Co-op,401 Harrison St Unit 24F,San Francisco,CA,94105,1340000,1,1.0,San Francisco,830,,2014,2,1614,1247,Active,,,http://www.redfin.com/CA/San-Francisco/401-Harrison-St-94105/unit-24F/home/144064232,San Francisco MLS,421553263,N,Y,37.7864989,-122.3921487
MLS Listing,,Condo/Co-op,725 Pine St #307,San Francisco,CA,94108,449000,0,1.0,San Francisco,328,5000,1920,2,1369,615,Active,,,http://www.redfin.com/CA/San-Francisco/725-Pine-St-94108/unit-307/home/17306956,San Francisco MLS,421553203,N,Y,37.7911451,-122.4077504
MLS Listing,,Condo/Co-op,200 Dolores St #11,San Francisco,CA,94103,1799000,2,2.5,San Francisco,1462,8183,2014,2,1231,768,Active,,,http://www.redfin.com/CA/San-Francisco/200-Dolores-St-94103/unit-11/home/69054937,San Francisco MLS,421546943,N,Y,37.766085,-122.4269081
MLS Listing,,Single Family Residential,721 Amazon Ave,San Francisco,CA,94112-3809,895000,3,1.5,Excelsior,1284,2256,1931,2,697,,Active,,,http://www.redfin.com/CA/San-Francisco/721-Amazon-Ave-94112/home/1084980,"bridgeMLS, Bay East AOR, or Contra Costa AOR",40950264,N,Y,37.715102,-122.433968
MLS Listing,,Condo/Co-op,4165 Cesar Chavez,San Francisco,CA,94131,1595000,3,2.0,San Francisco,,,,2,,250,Active,,,http://www.redfin.com/CA/San-Francisco/4165-Cesar-Chavez-94131/home/12243791,San Francisco MLS,421545232,N,Y,37.747102,-122.43274
MLS Listing,,Single Family Residential,1401 Guerrero St,San Francisco,CA,94110,1695000,3,2.0,San Francisco,,,1950,2,,,Active,,,http://www.redfin.com/CA/San-Francisco/1401-Guerrero-St-94110/home/805888,San Francisco MLS,421553201,N,Y,37.7486633,-122.4223264
MLS Listing,,Multi-Family (2-4 Unit),223 - 227 Fair Oaks St,San Francisco,CA,94110,4195000,5,5.5,San Francisco,4000,3746,1885,2,1049,,Active,,,http://www.redfin.com/CA/San-Francisco/223-Fair-Oaks-St-94110/home/1054264,San Francisco MLS,421553196,N,Y,37.7528099,-122.42375
MLS Listing,,Condo/Co-op,1298 Treat Ave,San Francisco,CA,94110,1295000,3,2.0,San Francisco,1250,,1900,2,1036,360,Active,,,http://www.redfin.com/CA/San-Francisco/1298-Treat-Ave-94110/home/12311600,San Francisco MLS,421553169,N,Y,37.7493778,-122.4127122
MLS Listing,,Condo/Co-op,228 Clayton St #2,San Francisco,CA,94117,865000,1,1.0,San Francisco,,2656,1900,2,,300,Active,,,http://www.redfin.com/CA/San-Francisco/228-Clayton-St-94117/unit-2/home/39910696,San Francisco MLS,421548381,N,Y,37.7730791,-122.4490728
MLS Listing,,Single Family Residential,701 Congo St,San Francisco,CA,94131,3395000,4,3.5,San Francisco,3770,4703,2014,2,901,,Active,,,http://www.redfin.com/CA/San-Francisco/701-Congo-St-94131/home/49870536,San Francisco MLS,421552718,N,Y,37.7355333,-122.4420129
MLS Listing,,Condo/Co-op,1087 De Haro St,San Francisco,CA,94107,1099000,2,2.0,San Francisco,1088,4800,1977,2,1010,300,Active,,,http://www.redfin.com/CA/San-Francisco/1087-De-Haro-St-94107/home/1821163,San Francisco MLS,421548790,N,Y,37.756016,-122.400439
MLS Listing,,Single Family Residential,34 Sola Ave,San Francisco,CA,94116,1995000,3,2.5,San Francisco,1991,2949,1935,2,1002,45,Active,,,http://www.redfin.com/CA/San-Francisco/34-Sola-Ave-94116/home/2016584,San Francisco MLS,421548532,N,Y,37.7481278,-122.4603689
MLS Listing,,Multi-Family (2-4 Unit),54 - 56 Williams Ave,San Francisco,CA,94124,899000,4,2.0,San Francisco,1992,1301,1900,3,451,,Active,,,http://www.redfin.com/CA/San-Francisco/54-Williams-Ave-94124/home/1371050,San Francisco MLS,421552207,N,Y,37.7297331,-122.3941009
MLS Listing,,Multi-Family (2-4 Unit),1423 - 1427A Jackson St,San Francisco,CA,94109,2250000,7,4.0,San Francisco,4385,2188,1907,3,513,,Active,,,http://www.redfin.com/CA/San-Francisco/1423-Jackson-St-94109/home/1357064,San Francisco MLS,421552128,N,Y,37.7943193,-122.4185347
MLS Listing,,Condo/Co-op,1880 Bush St,San Francisco,CA,94109,1195000,2,2.0,San Francisco,1154,1903,1900,3,1036,395,Active,,,http://www.redfin.com/CA/San-Francisco/1880-Bush-St-94109/home/21966514,San Francisco MLS,421552138,N,Y,37.7878212,-122.4282761
MLS Listing,,Single Family Residential,1655 Dolores St,San Francisco,CA,94110,3195000,5,4.0,San Francisco,3430,2495,2008,3,931,,Active,,,http://www.redfin.com/CA/San-Francisco/1655-Dolores-St-94110/home/1177590,San Francisco MLS,421552073,N,Y,37.742865,-122.423913
MLS Listing,,Single Family Residential,1037 Noriega St,SAN FRANCISCO,CA,94122,1318000,2,2.0,SAN FRANCISCO,1866,2495,1938,3,706,,Active,,,http://www.redfin.com/CA/San-Francisco/1037-Noriega-St-94122/home/1164103,MLSListings,ML81844192,N,Y,37.7541085,-122.4750624
MLS Listing,,Multi-Family (2-4 Unit),24 Powers Ave,San Francisco,CA,94110,1450000,6,3.0,San Francisco,2315,2500,1961,3,626,,Active,,,http://www.redfin.com/CA/San-Francisco/24-Powers-Ave-94110/unit-C/home/760064,San Francisco MLS,421552149,N,Y,37.7457971,-122.4190523
MLS Listing,,Condo/Co-op,403 Main St Unit 702N,San Francisco,CA,94105,689000,1,1.0,San Francisco,586,29037,1997,3,1176,584,Active,,,http://www.redfin.com/CA/San-Francisco/403-Main-St-94105/unit-702N/home/1821015,San Francisco MLS,421546428,N,Y,37.7880767,-122.3896032
MLS Listing,,Condo/Co-op,854 Capp St #1,San Francisco,CA,94110,2199000,3,3.0,San Francisco,,3062,2019,4,,,Active,,,http://www.redfin.com/CA/San-Francisco/854-Capp-St-94110/unit-1/home/169571337,San Francisco MLS,421548467,N,Y,37.7530122,-122.4177335
MLS Listing,,Condo/Co-op,201 Folsom St Unit 38C,San Francisco,CA,94105,2495000,2,2.0,San Francisco,1495,75406,2016,4,1669,1272,Active,,,http://www.redfin.com/CA/San-Francisco/201-Folsom-St-94105/unit-38C/home/144064163,San Francisco MLS,421547401,N,Y,37.7887059,-122.3922385
MLS Listing,,Condo/Co-op,451 Kansas St #351,San Francisco,CA,94107,799000,1,1.0,San Francisco,663,80311,2007,4,1205,534,Active,,,http://www.redfin.com/CA/San-Francisco/451-Kansas-St-94107/unit-351/home/23424317,San Francisco MLS,421552167,N,Y,37.7645365,-122.4032786
MLS Listing,,Single Family Residential,3009 Webster St,San Francisco,CA,94123,4250000,4,2.5,San Francisco,2774,2610,,4,1532,,Active,,,http://www.redfin.com/CA/San-Francisco/3009-Webster-St-94123/home/562464,San Francisco MLS,421551286,N,Y,37.798412,-122.434344
MLS Listing,,Single Family Residential,1501 38th Ave,San Francisco,CA,94122,1395000,3,2.0,San Francisco,1700,2062,1939,4,821,,Active,,,http://www.redfin.com/CA/San-Francisco/1501-38th-Ave-94122/home/2016264,San Francisco MLS,421539865,N,Y,37.7587803,-122.4974249
MLS Listing,,Condo/Co-op,146 Blake St #3,San Francisco,CA,94118,1295000,3,2.0,San Francisco,1414,3010,2000,4,916,350,Active,,,http://www.redfin.com/CA/San-Francisco/146-Blake-St-94118/unit-3/home/850270,San Francisco MLS,421551215,N,Y,37.781335,-122.4508404
MLS Listing,,Condo/Co-op,3234 Washington St #1,San Francisco,CA,94115,1295000,2,2.0,San Francisco,1153,3863,1970,4,1123,484,Active,,,http://www.redfin.com/CA/San-Francisco/3234-Washington-St-94115/unit-1/home/39592699,San Francisco MLS,421551535,N,Y,37.7913954,-122.4360307
MLS Listing,,Condo/Co-op,114 St Marys Ave,San Francisco,CA,94112,799000,2,2.0,San Francisco,1008,2016,1907,4,793,245,Active,,,http://www.redfin.com/CA/San-Francisco/114-St-Marys-Ave-94112/home/1380000,San Francisco MLS,421547818,N,Y,37.7349753,-122.4279511
MLS Listing,,Condo/Co-op,901 Post St #2,San Francisco,CA,94109,995000,3,2.0,San Francisco,1207,,2002,4,824,260,Active,,,http://www.redfin.com/CA/San-Francisco/901-Post-St-94109/unit-2/home/1844154,San Francisco MLS,421547927,N,Y,37.7870951,-122.4167484
MLS Listing,,Condo/Co-op,1825 Laguna St,San Francisco,CA,94115,1100000,2,1.0,San Francisco,1630,3436,1900,4,675,325,Active,,,http://www.redfin.com/CA/San-Francisco/1825-Laguna-St-94115/home/568789,San Francisco MLS,421548462,N,Y,37.7880038,-122.4289577
MLS Listing,,Condo/Co-op,401 Harrison St Unit 30B,San Francisco,CA,94105,1999000,2,2.0,San Francisco,1311,56023,2014,4,1525,1368,Active,,,http://www.redfin.com/CA/San-Francisco/401-Harrison-St-94105/unit-30B/home/144064265,San Francisco MLS,421544765,N,Y,37.7864989,-122.3921487
MLS Listing,,Single Family Residential,220 Beacon,San Francisco,CA,94131,3995000,3,3.0,San Francisco,3408,5597,,5,1172,,Active,,,http://www.redfin.com/CA/San-Francisco/220-Beacon-St-94131/home/1600068,San Francisco MLS,421551433,N,Y,37.7401154,-122.4318383
MLS Listing,,Single Family Residential,2741 Divisadero St,San Francisco,CA,94123,9295000,6,5.5,San Francisco,5085,3023,1914,5,1828,,Active,,,http://www.redfin.com/CA/San-Francisco/2741-Divisadero-St-94123/home/585289,San Francisco MLS,421547132,N,Y,37.7949418,-122.4420129
MLS Listing,,Condo/Co-op,480 Mission Bay Blvd #1008,San Francisco,CA,94158,1777000,2,2.0,San Francisco,1361,122891,2012,5,1306,,Active,,,http://www.redfin.com/CA/San-Francisco/480-Mission-Bay-Blvd-N-94158/unit-1008/home/40629388,San Francisco MLS,421539927,N,Y,37.7713607,-122.3890283
MLS Listing,,Condo/Co-op,260 King St #673,SAN FRANCISCO,CA,94107,988000,2,2.0,SAN FRANCISCO,987,,2004,5,1001,899,Active,May-21-2021 05:00 PM,May-21-2021 07:00 PM,http://www.redfin.com/CA/San-Francisco/260-King-St-94107/unit-673/home/8191047,MLSListings,ML81844074,N,Y,37.7776624,-122.3938672
MLS Listing,,Condo/Co-op,8 Buchanan St #401,San Francisco,CA,94102,898000,2,1.0,San Francisco,789,21140,2014,5,1138,524,Active,,,http://www.redfin.com/CA/San-Francisco/8-Buchanan-St-94102/unit-401/home/110051492,San Francisco MLS,421542480,N,Y,37.7699926,-122.4265154
MLS Listing,,Condo/Co-op,80 Pond St,San Francisco,CA,94114,1399000,2,1.5,San Francisco,1375,2000,,5,1017,325,Active,,,http://www.redfin.com/CA/San-Francisco/80-Pond-St-94114/home/1892056,San Francisco MLS,421548834,N,Y,37.7630421,-122.4323381
MLS Listing,,Condo/Co-op,152 Lombard St #201,San Francisco,CA,94111,1079000,2,2.0,City,1112,1112,1975,5,970,,Active,,,http://www.redfin.com/CA/San-Francisco/152-Lombard-St-94111/unit-201/home/102818483,"bridgeMLS, Bay East AOR, or Contra Costa AOR",40950069,N,Y,37.80445,-122.404178
MLS Listing,,Single Family Residential,2275 42nd Ave,San Francisco,CA,94116,949000,2,1.0,San Francisco,905,2996,1951,5,1049,,Active,,,http://www.redfin.com/CA/San-Francisco/2275-42nd-Ave-94116/home/1894858,San Francisco MLS,421542808,N,Y,37.7443114,-122.5007602
MLS Listing,,Single Family Residential,50 Taraval St,San Francisco,CA,94116,1998000,4,1.5,San Francisco,2032,3524,1920,5,983,54,Active,,,http://www.redfin.com/CA/San-Francisco/50-Taraval-St-94116/home/1960462,San Francisco MLS,421551487,N,Y,37.7438548,-122.4650569
MLS Listing,,Single Family Residential,519 Nevada St,San Francisco,CA,94110,1499999,3,2.5,San Francisco,1636,1750,1907,5,917,,Active,,,http://www.redfin.com/CA/San-Francisco/519-Nevada-St-94110/home/1638894,San Francisco MLS,421551461,N,Y,37.7354161,-122.4116163
MLS Listing,,Single Family Residential,279 Randall St,San Francisco,CA,94131,1895000,4,2.0,San Francisco,1797,2500,1910,5,1055,,Active,,,http://www.redfin.com/CA/San-Francisco/279-Randall-St-94131/home/1599269,San Francisco MLS,421551374,N,Y,37.7403355,-122.4295543
MLS Listing,,Condo/Co-op,1501 Greenwich St #302,San Francisco,CA,94123,1395000,2,2.0,San Francisco,1050,12161,2008,5,1329,826,Active,,,http://www.redfin.com/CA/San-Francisco/1501-Greenwich-St-94123/unit-302/home/23424026,San Francisco MLS,421551256,N,Y,37.8002558,-122.4247219
MLS Listing,,Condo/Co-op,1875 Mission St #410,San Francisco,CA,94107,980000,1,1.0,San Francisco,794,,2015,5,1234,669,Active,,,http://www.redfin.com/CA/San-Francisco/1875-Mission-St-94103/unit-410/home/67979845,San Francisco MLS,421551375,N,Y,37.7671306,-122.4194657
MLS Listing,,Single Family Residential,242 San Jose Ave,San Francisco,CA,94110,4495000,4,3.5,San Francisco,3350,4769,1916,5,1342,,Active,,,http://www.redfin.com/CA/San-Francisco/242-San-Jose-Ave-94110/home/801514,San Francisco MLS,421548674,N,Y,37.7513046,-122.421839
MLS Listing,,Condo/Co-op,940 Natoma St #5,SAN FRANCISCO,CA,94103,799000,1,1.0,SAN FRANCISCO,965,,1994,5,828,400,Active,May-23-2021 03:00 PM,May-23-2021 04:30 PM,http://www.redfin.com/CA/San-Francisco/940-Natoma-St-94103/unit-5/home/12395667,MLSListings,ML81843989,N,Y,37.7742075,-122.4155311
MLS Listing,,Single Family Residential,747 Duncan St,San Francisco,CA,94131,2595000,3,2.0,San Francisco,1677,2907,1949,5,1547,,Active,,,http://www.redfin.com/CA/San-Francisco/747-Duncan-St-94131/home/804032,San Francisco MLS,421547095,N,Y,37.7454076,-122.4368081
MLS Listing,,Single Family Residential,430 7Th Ave,San Francisco,CA,94118,2695000,4,4.0,Richmond Dist,2874,3000,1913,5,938,,Active,May-22-2021 01:00 PM,May-22-2021 03:00 PM,http://www.redfin.com/CA/San-Francisco/430-7th-Ave-94118/home/614896,"bridgeMLS, Bay East AOR, or Contra Costa AOR",40950024,N,Y,37.7803022,-122.4651453
MLS Listing,,Multi-Family (2-4 Unit),676 - 678 Ivy St,San Francisco,CA,94102,990000,3,2.0,San Francisco,1324,825,1890,5,748,,Active,,,http://www.redfin.com/CA/San-Francisco/676-Ivy-St-94102/home/1546592,San Francisco MLS,421551373,N,Y,37.7766394,-122.4292907
MLS Listing,,Condo/Co-op,177 Townsend St #422,San Francisco,CA,94107,1249000,2,2.0,San Francisco,1025,42969,2007,5,1219,805,Active,,,http://www.redfin.com/CA/San-Francisco/177-Townsend-St-94107/unit-422/home/17304702,San Francisco MLS,421547587,N,Y,37.7791526,-122.3919931
MLS Listing,,Multi-Family (2-4 Unit),210 - 212 29th St,San Francisco,CA,94131,2150000,5,2.0,San Francisco,3130,2850,1955,5,687,,Active,,,http://www.redfin.com/CA/San-Francisco/210-29th-St-94131/home/1721068,San Francisco MLS,421545752,N,Y,37.744039,-122.425094
MLS Listing,,Single Family Residential,700 15th Ave,San Francisco,CA,94118,2995000,5,3.5,San Francisco,2877,2495,1916,5,1041,,Active,,,http://www.redfin.com/CA/San-Francisco/700-15th-Ave-94118/home/2018633,San Francisco MLS,421536210,N,Y,37.7748047,-122.4733267
MLS Listing,,Multi-Family (2-4 Unit),229-233 Whitney,SAN FRANCISCO,CA,94131,1695000,5,4.0,SAN FRANCISCO,2505,3924,1906,5,677,,Active,,,http://www.redfin.com/CA/San-Francisco/229-Whitney-St-94131/home/1584359,MLSListings,ML81843967,N,Y,37.738362,-122.4269417
MLS Listing,,Multi-Family (5+ Unit),1750 Pacific Ave,San Francisco,CA,94109,3500000,1,2.0,San Francisco,7493,4356,1904,5,467,,Active,,,http://www.redfin.com/CA/San-Francisco/1750-Pacific-Ave-94109/home/563549,San Francisco MLS,421551329,N,Y,37.7949208,-122.4241846
MLS Listing,,Single Family Residential,79 Norton St,San Francisco,CA,94112,1095000,2,1.0,San Francisco,,2495,1905,5,,,Active,,,http://www.redfin.com/CA/San-Francisco/79-Norton-St-94112/home/1686633,San Francisco MLS,421533767,N,Y,37.7251525,-122.4365008
MLS Listing,,Condo/Co-op,2829 25th St #4,San Francisco,CA,94110,2495000,3,3.5,San Francisco,1975,,1900,5,1263,651,Active,,,http://www.redfin.com/CA/San-Francisco/2829-25th-St-94110/unit-4/home/173396725,San Francisco MLS,421551151,N,Y,37.7510579,-122.4067261
MLS Listing,,Condo/Co-op,380 Monterey Blvd #101,San Francisco,CA,94131,585000,1,1.0,San Francisco,668,15700,1980,5,876,471,Active,,,http://www.redfin.com/CA/San-Francisco/380-Monterey-Blvd-94131/unit-101/home/691313,San Francisco MLS,421533860,N,Y,37.7318046,-122.4440256
MLS Listing,,Single Family Residential,185 San Leandro Way,San Francisco,CA,94127,3425000,4,3.5,San Francisco,3156,4996,1927,5,1085,197,Active,,,http://www.redfin.com/CA/San-Francisco/185-San-Leandro-Way-94127/home/1034642,San Francisco MLS,421547980,N,Y,37.7334613,-122.4684622
MLS Listing,,Single Family Residential,1845 Pacheco St,San Francisco,CA,94116,1845000,3,2.0,San Francisco,1951,2060,1941,5,946,,Active,,,http://www.redfin.com/CA/San-Francisco/1845-Pacheco-St-94116/home/1541129,San Francisco MLS,421545123,N,Y,37.7501471,-122.480315
MLS Listing,,Condo/Co-op,250 King St #628,San Francisco,CA,94107,700000,1,1.0,San Francisco,866,213232,2004,5,808,862,Active,,,http://www.redfin.com/CA/San-Francisco/250-King-St-94107/unit-628/home/22889336,San Francisco MLS,421551285,N,Y,37.7781222,-122.3932903
MLS Listing,,Condo/Co-op,11 Perego Ter #3,SAN FRANCISCO,CA,94131,1499000,3,2.0,SAN FRANCISCO,1470,,1962,5,1020,560,Active,,,http://www.redfin.com/CA/San-Francisco/11-Perego-Ter-94131/unit-3/home/1541961,MLSListings,ML81843947,N,Y,37.7502628,-122.4443883
MLS Listing,,Condo/Co-op,161 Castro St Unit B,San Francisco,CA,94114,795000,2,1.0,San Francisco,700,1999,1900,5,1136,379,Active,,,http://www.redfin.com/CA/San-Francisco/161-Castro-St-94114/unit-B/home/175134595,San Francisco MLS,421551229,N,Y,37.766319,-122.435247
MLS Listing,,Condo/Co-op,720 York St #101,San Francisco,CA,94110,1195000,1,1.0,San Francisco,1727,21729,1999,5,692,653,Active,,,http://www.redfin.com/CA/San-Francisco/720-York-St-94110/unit-101/home/12396547,San Francisco MLS,421551258,N,Y,37.7599041,-122.4091837
MLS Listing,,Single Family Residential,2775 Green St,San Francisco,CA,94123,8750000,5,4.5,San Francisco,4895,4464,1952,5,1788,,Active,,,http://www.redfin.com/CA/San-Francisco/2775-Green-St-94123/home/1780203,San Francisco MLS,421545248,N,Y,37.7947945,-122.444667
MLS Listing,,Multi-Family (2-4 Unit),2546 Sutter St,SAN FRANCISCO,CA,94115,1888000,4,2.0,SAN FRANCISCO,1920,2774,1904,5,983,,Active,,,http://www.redfin.com/CA/San-Francisco/2546-Sutter-St-94115/home/1877547,MLSListings,ML81843931,N,Y,37.7851508,-122.4424488
MLS Listing,,Condo/Co-op,83 Mcallister St #405,San Francisco,CA,94102,385000,0,1.0,San Francisco,254,7498,2007,5,1516,445,Active,,,http://www.redfin.com/CA/San-Francisco/83-McAllister-St-94102/unit-405/home/21967181,San Francisco MLS,421538282,N,Y,37.7806658,-122.413234
MLS Listing,,Single Family Residential,2186 29th Ave,San Francisco,CA,94116,1498000,3,3.0,San Francisco,1932,1746,1949,5,775,,Active,,,http://www.redfin.com/CA/San-Francisco/2186-29th-Ave-94116/home/1867351,San Francisco MLS,421548661,N,Y,37.7466118,-122.4864621
MLS Listing,,Single Family Residential,181 Randall St,San Francisco,CA,94131,2795000,3,3.0,San Francisco,2450,,,5,1141,,Active,,,http://www.redfin.com/CA/San-Francisco/181-Randall-St-94131/home/806370,San Francisco MLS,421548760,N,Y,37.739541,-122.4273673
MLS Listing,,Single Family Residential,56 Yukon St,San Francisco,CA,94114,1695000,3,2.0,San Francisco,,2160,1906,5,,,Active,,,http://www.redfin.com/CA/San-Francisco/56-Yukon-St-94114/home/674264,San Francisco MLS,421545906,N,Y,37.7586685,-122.4424221
MLS Listing,,Single Family Residential,438 Elizabeth St,San Francisco,CA,94114,2500000,3,3.0,San Francisco,2092,2850,1892,5,1195,,Active,,,http://www.redfin.com/CA/San-Francisco/438-Elizabeth-St-94114/home/1814319,San Francisco MLS,497436,N,Y,37.7524455,-122.4307323
MLS Listing,,Condo/Co-op,235 Berry St #314,San Francisco,CA,94158,1562000,2,2.0,San Francisco,1420,42959,2007,5,1100,740,Active,,,http://www.redfin.com/CA/San-Francisco/235-Berry-St-94158/unit-314/home/12354708,San Francisco MLS,421548730,N,Y,37.7748669,-122.3941757
MLS Listing,,Condo/Co-op,280 Spear St Unit 12D,San Francisco,CA,94105,1495000,2,2.0,San Francisco,1097,1,,5,1363,1181,Active,,,http://www.redfin.com/CA/San-Francisco/280-Spear-St-94105/unit-12D/home/167213745,San Francisco MLS,421551152,N,Y,37.7903739,-122.3913812
MLS Listing,,Condo/Co-op,2002 3rd St #116,San Francisco,CA,94107,825000,1,1.5,San Francisco,855,16636,2002,5,965,545,Active,,,http://www.redfin.com/CA/San-Francisco/2002-3rd-St-94107/unit-116/home/12397542,San Francisco MLS,421545297,N,Y,37.763914,-122.3891164
MLS Listing,,Condo/Co-op,3500 19th St #203,San Francisco,CA,94110,1795000,2,2.5,San Francisco,1589,,2013,5,1130,675,Active,,,http://www.redfin.com/CA/San-Francisco/3500-19th-St-94110/unit-203/home/110051961,San Francisco MLS,421547757,N,Y,37.760307,-122.421762
MLS Listing,,Single Family Residential,470 Beacon St,San Francisco,CA,94131,3495000,3,3.5,San Francisco,3965,4350,1970,5,881,,Active,,,http://www.redfin.com/CA/San-Francisco/470-Beacon-St-94131/home/1664707,San Francisco MLS,421545499,N,Y,37.7423353,-122.4346696
MLS Listing,,Single Family Residential,1484 16th Ave,San Francisco,CA,94122,1695000,2,1.0,San Francisco,1839,4208,1916,5,922,,Active,,,http://www.redfin.com/CA/San-Francisco/1484-16th-Ave-94122/home/1436434,San Francisco MLS,421546209,N,Y,37.7603384,-122.4734151
MLS Listing,,Single Family Residential,847 San Jose Ave,San Francisco,CA,94110,1395000,3,3.0,San Francisco,2124,2047,1907,5,657,,Active,,,http://www.redfin.com/CA/San-Francisco/847-San-Jose-Ave-94110/home/806306,San Francisco MLS,421543720,N,Y,37.7414926,-122.4233329
MLS Listing,,Single Family Residential,2349 15th Ave,San Francisco,CA,94116,1895000,6,5.0,San Francisco,2536,2722,1927,5,747,,Active,,,http://www.redfin.com/CA/San-Francisco/2349-15th-Ave-94116/home/1351145,San Francisco MLS,421548797,N,Y,37.744148,-122.471762
MLS Listing,,Single Family Residential,1915 22nd Ave,San Francisco,CA,94116,1995000,4,3.5,San Francisco,,2060,1940,5,,,Active,,,http://www.redfin.com/CA/San-Francisco/1915-22nd-Ave-94116/home/645827,San Francisco MLS,421547708,N,Y,37.7518757,-122.4797718
MLS Listing,,Condo/Co-op,1776 Sacramento St #405,San Francisco,CA,94109,998000,2,2.0,San Francisco,1091,19662,1992,5,915,829,Active,,,http://www.redfin.com/CA/San-Francisco/1776-Sacramento-St-94109/unit-405/home/961528,San Francisco MLS,421548544,N,Y,37.7915441,-122.4221102
MLS Listing,,Multi-Family (2-4 Unit),1019 - 1023 Divisadero St,San Francisco,CA,94115,1498000,6,3.0,San Francisco,3350,3288,1900,5,447,,Active,,,http://www.redfin.com/CA/San-Francisco/1019-Divisadero-St-94115/home/148074214,San Francisco MLS,421547096,N,Y,37.779025,-122.438889
MLS Listing,,Condo/Co-op,1819 Stockton St,San Francisco,CA,94133,1595000,2,1.0,San Francisco,1560,6188,1907,5,1022,634,Active,,,http://www.redfin.com/CA/San-Francisco/1819-Stockton-St-94133/home/109060304,San Francisco MLS,421548252,N,Y,37.8025304,-122.4098857
MLS Listing,,Condo/Co-op,555 Golden Gate Ave Unit PHG,San Francisco,CA,94102,1848000,3,2.0,San Francisco,1357,,2021,5,1362,729,Active,,,http://www.redfin.com/CA/San-Francisco/555-Golden-Gate-Ave-94102/unit-PHG/home/175131993,San Francisco MLS,421548683,N,Y,37.7808655,-122.4196054
MLS Listing,,Condo/Co-op,850 Minnesota St #157,San Francisco,CA,94107,879000,1,1.5,San Francisco,835,85458,2009,5,1053,517,Active,,,http://www.redfin.com/CA/San-Francisco/850-Minnesota-St-94107/unit-157/home/40142888,San Francisco MLS,421548618,N,Y,37.7597862,-122.390591
MLS Listing,,Condo/Co-op,2245 Franklin St,San Francisco,CA,94109,1635000,2,2.0,San Francisco,1243,3582,1900,5,1315,300,Active,,,http://www.redfin.com/CA/San-Francisco/2245-Franklin-St-94109/home/1608054,San Francisco MLS,421547216,N,Y,37.795139,-122.425309
MLS Listing,,Condo/Co-op,785 Golden Gate Ave #301,San Francisco,CA,94102,980000,3,2.0,San Francisco,1663,6900,1983,5,589,724,Active,,,http://www.redfin.com/CA/San-Francisco/785-Golden-Gate-Ave-94102/unit-301/home/1931294,San Francisco MLS,421537141,N,Y,37.7803482,-122.423456
MLS Listing,,Single Family Residential,569 Pennsylvania Ave,San Francisco,CA,94107,1495000,2,2.0,San Francisco,1348,2548,1906,5,1109,,Active,,,http://www.redfin.com/CA/San-Francisco/569-Pennsylvania-Ave-94107/home/955988,San Francisco MLS,421548731,N,Y,37.7592668,-122.3929451
MLS Listing,,Condo/Co-op,212 Mallorca Way,San Francisco,CA,94123,1995000,2,1.5,San Francisco,,2506,1925,6,,,Active,,,http://www.redfin.com/CA/San-Francisco/212-Mallorca-Way-94123/home/144063522,San Francisco MLS,421548816,N,Y,37.8028343,-122.4382952
MLS Listing,,Condo/Co-op,659 Page St,San Francisco,CA,94117,1995000,2,2.5,San Francisco,1965,,,6,1015,400,Active,,,http://www.redfin.com/CA/San-Francisco/659-Page-St-94117/home/1546686,San Francisco MLS,421548408,N,Y,37.7728629,-122.4315571
MLS Listing,,Condo/Co-op,590 Chestnut St,San Francisco,CA,94133,1449000,4,2.0,San Francisco,1335,1555,,6,1085,,Active,,,http://www.redfin.com/CA/San-Francisco/590-Chestnut-St-94133/home/175131870,San Francisco MLS,421548801,N,Y,37.8039016,-122.4130178
MLS Listing,,Condo/Co-op,201 Harrison St #708,San Francisco,CA,94105,625000,1,1.0,San Francisco,495,38449,1991,6,1263,626,Active,,,http://www.redfin.com/CA/San-Francisco/201-Harrison-St-94105/unit-708/home/1933513,San Francisco MLS,421547414,N,Y,37.7874798,-122.3905769
MLS Listing,,Condo/Co-op,588 Chestnut St,San Francisco,CA,94133,1649000,4,2.0,San Francisco,1420,1555,,6,1161,,Active,,,http://www.redfin.com/CA/San-Francisco/588-Chestnut-St-94133/home/1225702,San Francisco MLS,421548791,N,Y,37.8039733,-122.4130218
MLS Listing,,Single Family Residential,624 42nd Ave,San Francisco,CA,94121,1899000,3,2.5,San Francisco,2782,4200,1924,6,683,,Active,,,http://www.redfin.com/CA/San-Francisco/624-42nd-Ave-94121/home/1833448,San Francisco MLS,421547707,N,Y,37.7768438,-122.5025533
MLS Listing,,Condo/Co-op,1621 Dolores St,San Francisco,CA,94110,1149000,2,1.0,San Francisco,1234,2187,1905,6,931,400,Active,,,http://www.redfin.com/CA/San-Francisco/1621-Dolores-St-94110/home/848498,San Francisco MLS,421548783,N,Y,37.743457,-122.423987
MLS Listing,,Condo/Co-op,960 Wisconsin St,San Francisco,CA,94107,1349000,2,2.0,San Francisco,1071,2511,1914,6,1260,350,Active,,,http://www.redfin.com/CA/San-Francisco/960-Wisconsin-St-94107/home/12277299,San Francisco MLS,421548648,N,Y,37.7552842,-122.3989964
MLS Listing,,Condo/Co-op,255 Berry St #413,San Francisco,CA,94158,1150000,2,2.0,San Francisco,1050,42959,2004,6,1095,848,Active,,,http://www.redfin.com/CA/San-Francisco/255-Berry-St-94158/unit-413/home/959470,San Francisco MLS,421547975,N,Y,37.7743869,-122.3947812
MLS Listing,,Condo/Co-op,555 Golden Gate Ave Unit 5C,San Francisco,CA,94102,899000,2,1.0,San Francisco,834,,2021,6,1078,613,Active,,,http://www.redfin.com/CA/San-Francisco/555-Golden-Gate-Ave-94102/unit-5C/home/175126440,San Francisco MLS,421548370,N,Y,37.7808655,-122.4196054
MLS Listing,,Condo/Co-op,300 3rd St #311,San Francisco,CA,94107,979000,1,1.0,San Francisco,1000,48941,1990,6,979,766,Active,,,http://www.redfin.com/CA/San-Francisco/300-3rd-St-94107/unit-311/home/945721,San Francisco MLS,421544186,N,Y,37.7835658,-122.3989483
MLS Listing,,Single Family Residential,109 Los Palmos Dr,San Francisco,CA,94127,1375000,3,2.0,San Francisco,1475,2909,,6,932,,Active,,,http://www.redfin.com/CA/San-Francisco/109-Los-Palmos-Dr-94127/home/1911400,San Francisco MLS,421548324,N,Y,37.7354229,-122.4479826
MLS Listing,,Condo/Co-op,1800 Washington St #219,San Francisco,CA,94109,1299000,2,2.0,San Francisco,1042,38432,,6,1247,829,Active,,,http://www.redfin.com/CA/San-Francisco/1800-Washington-St-94109/unit-219/home/851430,San Francisco MLS,421544110,N,Y,37.7932007,-122.4233328
MLS Listing,,Condo/Co-op,746 - 748 Clipper St #748,San Francisco,CA,94114,1549000,3,2.5,San Francisco,1938,2463,1976,6,799,247,Active,,,http://www.redfin.com/CA/San-Francisco/746-Clipper-St-94114/unit-748/home/175123561,San Francisco MLS,421548663,N,Y,37.748813,-122.441448
MLS Listing,,Single Family Residential,292 Gold Mine Dr,San Francisco,CA,94131,1495000,4,3.0,San Francisco,2666,3449,1968,6,561,,Active,,,http://www.redfin.com/CA/San-Francisco/292-Gold-Mine-Dr-94131/home/968209,San Francisco MLS,421548092,N,Y,37.7406702,-122.4388721
MLS Listing,,Single Family Residential,512 Brussels St,San Francisco,CA,94134,1099000,3,2.0,San Francisco,1788,2250,1953,6,615,,Active,,,http://www.redfin.com/CA/San-Francisco/512-Brussels-St-94134/home/1981592,San Francisco MLS,421548149,N,Y,37.7256388,-122.4052136
MLS Listing,,Single Family Residential,6524 Fulton St,San Francisco,CA,94121,1598000,5,3.0,San Francisco,2055,2500,1923,6,778,,Active,,,http://www.redfin.com/CA/San-Francisco/6524-Fulton-St-94121/home/1500154,San Francisco MLS,421539987,N,Y,37.7719719,-122.5018615
MLS Listing,,Single Family Residential,275 Santa Rosa Ave,San Francisco,CA,94112,1860000,5,5.0,San Francisco,2269,4373,1911,6,820,,Active,,,http://www.redfin.com/CA/San-Francisco/275-Santa-Rosa-Ave-94112/home/1980767,San Francisco MLS,421548419,N,Y,37.728414,-122.4397182
MLS Listing,,Single Family Residential,875 North Point St,San Francisco,CA,94109,2995000,3,1.0,San Francisco,,3436,1927,6,,,Active,,,http://www.redfin.com/CA/San-Francisco/875-N-Point-St-94109/home/537436,San Francisco MLS,421547082,N,Y,37.8054187,-122.4215504
MLS Listing,,Condo/Co-op,1450 Greenwich St #103,San Francisco,CA,94109,1195000,1,1.0,San Francisco,900,9273,1928,6,1328,764,Active,,,http://www.redfin.com/CA/San-Francisco/1450-Greenwich-St-94109/unit-103/home/1059493,San Francisco MLS,421548600,N,Y,37.800756,-122.423558
MLS Listing,,Condo/Co-op,1180 Eddy St Unit B,San Francisco,CA,94109,849999,2,2.0,San Francisco,816,2575,1992,6,1042,398,Active,,,http://www.redfin.com/CA/San-Francisco/1180-Eddy-St-94109/unit-B/home/1926432,San Francisco MLS,421548574,N,Y,37.7822647,-122.4270935
MLS Listing,,Condo/Co-op,895 Hayes St,San Francisco,CA,94117,1795000,3,2.5,San Francisco,2059,1575,2009,6,872,330,Active,,,http://www.redfin.com/CA/San-Francisco/895-Hayes-St-94117/home/21516752,San Francisco MLS,421548297,N,Y,37.7757911,-122.4310029
MLS Listing,,Multi-Family (2-4 Unit),1550 - 1552 Hampshire St,San Francisco,CA,94110,1949000,3,3.0,San Francisco,2575,,1903,6,757,,Active,,,http://www.redfin.com/CA/San-Francisco/1550-Hampshire-St-94110/home/1695764,San Francisco MLS,421545196,N,Y,37.7480543,-122.4065856
MLS Listing,,Condo/Co-op,4543 - A 18th St,San Francisco,CA,94114,1149000,2,1.0,San Francisco,1150,3023,1904,6,999,350,Active,,,http://www.redfin.com/CA/San-Francisco/4543A-18th-St-94114/home/143851492,San Francisco MLS,421547852,N,Y,37.7603757,-122.440349
MLS Listing,,Condo/Co-op,3037 22nd St Unit A,San Francisco,CA,94110,1049000,2,2.0,San Francisco,,1750,2002,6,,391,Active,,,http://www.redfin.com/CA/San-Francisco/3037-22nd-St-94110/unit-A/home/918222,San Francisco MLS,421547822,N,Y,37.7554706,-122.4152029
MLS Listing,,Single Family Residential,828 Niagara Ave,San Francisco,CA,94112,759000,3,2.0,San Francisco,1455,2156,1925,6,522,,Active,,,http://www.redfin.com/CA/San-Francisco/828-Niagara-Ave-94112/home/1046365,San Francisco MLS,421544699,N,Y,37.7211672,-122.4513017
MLS Listing,,Single Family Residential,582 40th Ave,San Francisco,CA,94121,1499000,3,2.0,San Francisco,1225,2060,1924,6,1224,,Active,,,http://www.redfin.com/CA/San-Francisco/582-40th-Ave-94121/home/1920983,San Francisco MLS,421548496,N,Y,37.777796,-122.5004312
MLS Listing,,Single Family Residential,381 Holyoke St,San Francisco,CA,94134,1095000,4,2.5,San Francisco,1945,1750,1936,6,563,,Active,,,http://www.redfin.com/CA/San-Francisco/381-Holyoke-St-94134/home/1282745,San Francisco MLS,421547775,N,Y,37.726577,-122.408422
MLS Listing,,Single Family Residential,2550 22nd Ave,San Francisco,CA,94116,1995000,4,2.5,San Francisco,2484,3598,1926,6,803,,Active,,,http://www.redfin.com/CA/San-Francisco/2550-22nd-Ave-94116/home/1111674,San Francisco MLS,421529868,N,Y,37.7400997,-122.4784563
MLS Listing,,Condo/Co-op,2829 25th St #3,San Francisco,CA,94110,1649000,3,2.5,San Francisco,1464,,1900,6,1126,522,Active,,,http://www.redfin.com/CA/San-Francisco/2829-25th-St-94110/unit-3/home/173284075,San Francisco MLS,421547831,N,Y,37.7510579,-122.4067261
MLS Listing,,Single Family Residential,3321 Pierce St,San Francisco,CA,94123,3195000,3,3.0,San Francisco,2789,2500,1924,6,1146,,Active,,,http://www.redfin.com/CA/San-Francisco/3321-Pierce-St-94123/home/559929,BAREIS,421540261,N,Y,37.8007336,-122.4397569
MLS Listing,,Single Family Residential,651 Noe St,San Francisco,CA,94114,1795000,3,2.0,San Francisco,1691,2395,1906,6,1062,,Active,,,http://www.redfin.com/CA/San-Francisco/651-Noe-St-94114/home/711038,San Francisco MLS,421545629,N,Y,37.758437,-122.43227
MLS Listing,,Condo/Co-op,601 Van Ness Ave #51,San Francisco,CA,94102,849000,2,2.0,San Francisco,1037,105806,1982,6,819,1130,Active,,,http://www.redfin.com/CA/San-Francisco/601-Van-Ness-Ave-94102/unit-51/home/1804311,San Francisco MLS,421548433,N,Y,37.7813653,-122.4215253
MLS Listing,,Condo/Co-op,110 Channel St #626,San Francisco,CA,94158,1088000,1,1.0,San Francisco,835,49773,2018,6,1303,852,Active,,,http://www.redfin.com/CA/San-Francisco/110-Channel-St-94158/unit-626/home/167383041,San Francisco MLS,421538144,N,Y,37.7751436,-122.3906212
MLS Listing,,Condo/Co-op,1688 Pine St Unit WPH01,San Francisco,CA,94109,2499000,2,2.5,San Francisco,1427,35482,2016,6,1751,856,Active,,,http://www.redfin.com/CA/San-Francisco/1688-Pine-St-94109/unit-WPH01/home/102902602,San Francisco MLS,421547781,N,Y,37.7895497,-122.4233697
MLS Listing,,Condo/Co-op,1470 Golden Gate Ave #4,San Francisco,CA,94115,1198000,2,2.0,San Francisco,1276,5500,1988,6,939,350,Active,,,http://www.redfin.com/CA/San-Francisco/1470-Golden-Gate-Ave-94115/unit-4/home/148070671,San Francisco MLS,421548214,N,Y,37.7794012,-122.4347523
MLS Listing,,Condo/Co-op,152 Lombard St #401,San Francisco,CA,94111,999995,2,2.0,San Francisco,1112,,,6,899,1122,Active,,,http://www.redfin.com/CA/San-Francisco/152-Lombard-St-94111/unit-401/home/541541,San Francisco MLS,421547637,N,Y,37.80445,-122.404178
MLS Listing,,Single Family Residential,80 Molimo Dr,San Francisco,CA,94127,1095000,2,1.0,San Francisco,1000,2635,,6,1095,,Active,,,http://www.redfin.com/CA/San-Francisco/80-Molimo-Dr-94127/home/1750574,San Francisco MLS,421548009,N,Y,37.7372789,-122.4473096
MLS Listing,,Single Family Residential,2049 15th Ave,SAN FRANCISCO,CA,94116,1888888,3,1.0,SAN FRANCISCO,1890,3953,1939,6,999,,Active,,,http://www.redfin.com/CA/San-Francisco/2049-15th-Ave-94116/home/649513,MLSListings,ML81843655,N,Y,37.7497671,-122.4720885
MLS Listing,,Condo/Co-op,151 Alice B. Toklas Pl #503,San Francisco,CA,94109,950000,1,1.0,San Francisco,989,25240,1920,6,961,899,Active,,,http://www.redfin.com/CA/San-Francisco/151-Alice-B-Toklas-94109/unit-503/home/1942355,San Francisco MLS,421548072,N,Y,37.7850997,-122.4205869
MLS Listing,,Single Family Residential,55 San Fernando Way,San Francisco,CA,94127,3925000,5,4.5,San Francisco,3670,5000,1920,6,1069,197,Active,,,http://www.redfin.com/CA/San-Francisco/55-San-Fernando-Way-94127/home/1662081,San Francisco MLS,421546138,N,Y,37.7354564,-122.4694793
MLS Listing,,Condo/Co-op,1747 - 1749 Dolores,San Francisco,CA,94110,3144000,5,5.5,San Francisco,3155,1729,,6,997,400,Active,,,http://www.redfin.com/CA/San-Francisco/1747-Dolores-St-94110/home/1856895,San Francisco MLS,421548344,N,Y,37.7416941,-122.4239191
MLS Listing,,Single Family Residential,257 Pacheco,San Francisco,CA,94116,1998000,3,1.5,San Francisco,2275,3746,,6,878,,Active,,,http://www.redfin.com/CA/San-Francisco/257-Pacheco-St-94116/home/1421474,San Francisco MLS,421533137,N,Y,37.7470482,-122.4621822
MLS Listing,,Condo/Co-op,631 Ofarrell St #910,San Francisco,CA,94109,469000,0,1.0,San Francisco,520,,1930,6,902,609,Active,,,http://www.redfin.com/CA/San-Francisco/631-O-Farrell-St-94109/unit-910/home/1049422,San Francisco MLS,421548345,N,Y,37.7852037,-122.4151808
MLS Listing,,Condo/Co-op,74 Levant St,San Francisco,CA,94114,1250000,3,2.0,San Francisco,2019,2981,1981,6,619,,Active,,,http://www.redfin.com/CA/San-Francisco/74-Levant-St-94114/unit-74/home/1517516,San Francisco MLS,421542708,N,Y,37.763794,-122.442271
MLS Listing,,Condo/Co-op,1080 Sutter St #403,San Francisco,CA,94109,940000,2,1.0,San Francisco,750,7000,2014,6,1253,736,Active,,,http://www.redfin.com/CA/San-Francisco/1080-Sutter-St-94109/unit-403/home/69054922,San Francisco MLS,421543515,N,Y,37.788251,-122.418101
MLS Listing,,Condo/Co-op,45 Bartlett St #807,San Francisco,CA,94110,1439000,2,2.0,San Francisco,1007,23803,2014,6,1429,751,Active,,,http://www.redfin.com/CA/San-Francisco/45-Bartlett-St-94110/unit-807/home/109278537,San Francisco MLS,421547083,N,Y,37.7558162,-122.4197494
MLS Listing,,Townhouse,2779 Folsom St #2,San Francisco,CA,94110,2395000,3,3.5,San Francisco,2206,8260,,6,1086,701,Active,,,http://www.redfin.com/CA/San-Francisco/2779-Folsom-St-94110/unit-2/home/175117934,San Francisco MLS,421544970,N,Y,37.752965,-122.413713
MLS Listing,,Condo/Co-op,20 Belvedere St,San Francisco,CA,94117,1195000,3,1.5,San Francisco,1474,1881,1910,6,811,250,Active,,,http://www.redfin.com/CA/San-Francisco/20-Belvedere-St-94117/home/110052380,San Francisco MLS,421548315,N,Y,37.769361,-122.44934
MLS Listing,,Condo/Co-op,2250 24th St #129,San Francisco,CA,94107,799000,2,2.0,San Francisco,1028,,1989,6,777,628,Active,,,http://www.redfin.com/CA/San-Francisco/2250-24th-St-94107/unit-129/home/737425,San Francisco MLS,421526244,N,Y,37.7533831,-122.4021236
MLS Listing,,Single Family Residential,289 Douglass St,San Francisco,CA,94114,2349000,4,2.5,San Francisco,2275,1990,1914,6,1033,,Active,,,http://www.redfin.com/CA/San-Francisco/289-Douglass-St-94114/home/677393,San Francisco MLS,421547972,N,Y,37.7593035,-122.4390095
MLS Listing,,Condo/Co-op,589 Sanchez St,San Francisco,CA,94114,1495000,3,2.0,San Francisco,2015,2500,1907,6,742,418,Active,,,http://www.redfin.com/CA/San-Francisco/589-Sanchez-St-94114/home/28939109,San Francisco MLS,421547361,N,Y,37.759775,-122.430125
MLS Listing,,Single Family Residential,1913 Vallejo St,San Francisco,CA,94123,3795000,3,3.5,San Francisco,2500,2712,1997,6,1518,,Active,,,http://www.redfin.com/CA/San-Francisco/1913-Vallejo-St-94123/home/12354354,San Francisco MLS,421547947,N,Y,37.795818,-122.4293005
MLS Listing,,Condo/Co-op,107 19th Ave,San Francisco,CA,94121,1295000,2,2.0,San Francisco,1125,3250,1921,6,1151,250,Active,,,http://www.redfin.com/CA/San-Francisco/107-19th-Ave-94121/home/12277118,San Francisco MLS,421547974,N,Y,37.7857907,-122.4788961
MLS Listing,,Condo/Co-op,520 Natoma St #11,San Francisco,CA,94103,369000,0,1.0,San Francisco,347,2614,1911,6,1063,404,Active,,,http://www.redfin.com/CA/San-Francisco/520-Natoma-St-94103/unit-11/home/172079691,San Francisco MLS,421533512,N,Y,37.779856,-122.4083003
MLS Listing,,Condo/Co-op,888 San Jose Ave,San Francisco,CA,94110,949000,2,2.0,San Francisco,1040,1729,,7,913,200,Active,,,http://www.redfin.com/CA/San-Francisco/888-San-Jose-Ave-94110/home/175117257,San Francisco MLS,421548247,N,Y,37.7413342,-122.4239474
MLS Listing,,Condo/Co-op,1749 Dolores St,San Francisco,CA,94110,2195000,3,3.5,San Francisco,2115,1729,1910,7,1038,400,Active,,,http://www.redfin.com/CA/San-Francisco/1749-Dolores-St-94110/home/1972031,San Francisco MLS,421545135,N,Y,37.7416332,-122.4238749
MLS Listing,,Condo/Co-op,3557 23rd St,SAN FRANCISCO,CA,94110,1198000,3,1.0,SAN FRANCISCO,1215,,1910,7,986,500,Active,,,http://www.redfin.com/CA/San-Francisco/3557-23rd-St-94110/home/17305532,MLSListings,ML81843584,N,Y,37.7534124,-122.4225307
MLS Listing,,Single Family Residential,547 Sawyer St,SAN FRANCISCO,CA,94134,798000,3,2.0,SAN FRANCISCO,1235,2575,1947,7,646,,Active,,,http://www.redfin.com/CA/San-Francisco/547-Sawyer-St-94134/home/1923048,MLSListings,ML81843566,N,Y,37.7106531,-122.4153246
MLS Listing,,Condo/Co-op,2444 Van Ness Ave #3,San Francisco,CA,94109,2195000,3,3.0,San Francisco,,,,7,,750,Active,,,http://www.redfin.com/CA/San-Francisco/2444-Van-Ness-Ave-94109/unit-3/home/1491266,San Francisco MLS,421548108,N,Y,37.7982325,-122.4237091
MLS Listing,,Condo/Co-op,2444 Van Ness Ave #1,San Francisco,CA,94109,2195000,3,3.0,San Francisco,,,,7,,750,Active,,,http://www.redfin.com/CA/San-Francisco/2444-Van-Ness-Ave-94109/unit-1/home/1227077,San Francisco MLS,421548107,N,Y,37.7982325,-122.4237091
MLS Listing,,Condo/Co-op,2444 Van Ness Ave #4,San Francisco,CA,94109,2195000,3,3.0,San Francisco,,,,7,,750,Active,,,http://www.redfin.com/CA/San-Francisco/2444-Van-Ness-Ave-94109/unit-4/home/1952946,San Francisco MLS,421548106,N,Y,37.7982325,-122.4237091
MLS Listing,,Condo/Co-op,2444 Van Ness Ave #2,San Francisco,CA,94109,2220000,3,3.0,San Francisco,,,,7,,750,Active,,,http://www.redfin.com/CA/San-Francisco/2444-Van-Ness-Ave-94109/unit-2/home/901443,San Francisco MLS,421548109,N,Y,37.7982325,-122.4237091
MLS Listing,,Condo/Co-op,2444 Van Ness Ave Ph 6,San Francisco,CA,94109,2395000,3,3.0,San Francisco,,,,7,,750,Active,,,http://www.redfin.com/CA/San-Francisco/2444-Van-Ness-Ave-94109/unit-6/home/564137,San Francisco MLS,421548110,N,Y,37.7982325,-122.4237091
MLS Listing,,Condo/Co-op,818 Van Ness Ave #802,San Francisco,CA,94109,1349000,2,2.0,San Francisco,1128,9810,2008,7,1196,708,Active,,,http://www.redfin.com/CA/San-Francisco/818-Van-Ness-Ave-94109/unit-802/home/40138179,San Francisco MLS,421540451,N,Y,37.783203,-122.4205684
MLS Listing,,Condo/Co-op,2444 Van Ness Ave Ph 5,San Francisco,CA,94109,2345000,3,3.0,San Francisco,,,,7,,750,Active,,,http://www.redfin.com/CA/San-Francisco/2444-Van-Ness-Ave-94109/unit-5/home/2020810,San Francisco MLS,421548111,N,Y,37.7982325,-122.4237091
MLS Listing,,Condo/Co-op,131 Divisadero St,San Francisco,CA,94117,1695000,2,2.0,San Francisco,1754,9517,1995,7,966,547,Active,,,http://www.redfin.com/CA/San-Francisco/131-Divisadero-St-94117/home/1146273,San Francisco MLS,421548096,N,Y,37.7694943,-122.4368213
MLS Listing,,Single Family Residential,57 Santa Cruz Ave,San Francisco,CA,94112,949999,2,2.0,Ingleside Terr,975,2352,1952,7,974,,Active,,,http://www.redfin.com/CA/San-Francisco/57-Santa-Cruz-Ave-94112/home/1105517,"bridgeMLS, Bay East AOR, or Contra Costa AOR",40949598,N,Y,37.708733,-122.4655444
MLS Listing,,Condo/Co-op,188 27th St,San Francisco,CA,94110,1049000,2,1.0,San Francisco,1193,,1908,7,879,,Active,,,http://www.redfin.com/CA/San-Francisco/188-27th-St-94110/unit-188/home/164675816,BAREIS,421547317,N,Y,37.7472248,-122.4242849
MLS Listing,,Condo/Co-op,1650 Jackson St #807,San Francisco,CA,94109,899000,1,1.0,San Francisco,845,14631,1991,7,1064,879,Active,,,http://www.redfin.com/CA/San-Francisco/1650-Jackson-St-94109/unit-807/home/566475,San Francisco MLS,421547308,N,Y,37.7942661,-122.42226
MLS Listing,,Condo/Co-op,361 24th Ave #1,San Francisco,CA,94121,899950,2,1.0,San Francisco,800,3000,1992,7,1125,202,Active,,,http://www.redfin.com/CA/San-Francisco/361-24th-Ave-94121/unit-1/home/1484389,San Francisco MLS,421542206,N,Y,37.7827391,-122.4841605
MLS Listing,,Single Family Residential,3318 Quintara St,San Francisco,CA,94116,1095000,3,3.0,San Francisco,1350,1873,1947,7,811,,Active,,,http://www.redfin.com/CA/San-Francisco/3318-Quintara-St-94116/home/1211308,San Francisco MLS,421547144,N,Y,37.7477405,-122.5011866
MLS Listing,,Single Family Residential,2282 44th Ave,San Francisco,CA,94116,1095000,3,2.0,San Francisco,1284,2060,1941,7,853,,Active,,,http://www.redfin.com/CA/San-Francisco/2282-44th-Ave-94116/home/1299152,San Francisco MLS,421540457,N,Y,37.7441051,-122.5024285
MLS Listing,,Condo/Co-op,858 Capp St #2,San Francisco,CA,94110,1199000,2,2.0,San Francisco,1015,,2021,7,1181,432,Active,,,http://www.redfin.com/CA/San-Francisco/858-Capp-St-94110/unit-2/home/175116001,San Francisco MLS,421546345,N,Y,37.7529271,-122.4176769
MLS Listing,,Single Family Residential,175 Granada Ave,San Francisco,CA,94112,1330000,0,2.0,Ingelside,1400,2809,1963,7,950,,Active,,,http://www.redfin.com/CA/San-Francisco/175-Granada-Ave-94112/home/1095995,"bridgeMLS, Bay East AOR, or Contra Costa AOR",40949544,N,Y,37.7213138,-122.4573614
MLS Listing,,Vacant Land,461 29th St,San Francisco,CA,94131,2495000,0,,San Francisco,,2848,,7,,,Active,,,http://www.redfin.com/CA/San-Francisco/461-29th-St-94131/home/1105103,San Francisco MLS,421547607,N,Y,37.7433,-122.4302014
MLS Listing,,Condo/Co-op,239 8th St #9,SAN FRANCISCO,CA,94103,1199888,2,2.5,SAN FRANCISCO,1704,,2003,7,704,767,Active,,,http://www.redfin.com/CA/San-Francisco/239-8th-St-94102/unit-9/home/12398550,MLSListings,ML81843462,N,Y,37.7759115,-122.4108595
MLS Listing,,Single Family Residential,76 Amber Dr,San Francisco,CA,94131,1900000,4,2.5,San Francisco,1838,4865,1962,7,1034,,Active,,,http://www.redfin.com/CA/San-Francisco/76-Amber-Dr-94131/home/1027831,San Francisco MLS,421540174,N,Y,37.7463197,-122.4451978
MLS Listing,,Multi-Family (2-4 Unit),539 - 541 Waller St,San Francisco,CA,94117,2495000,8,3.0,San Francisco,3543,1467,1900,7,704,,Active,,,http://www.redfin.com/CA/SAN-FRANCISCO/539-541-WALLER-ST-94117/home/2012702,San Francisco MLS,421544071,N,Y,37.770708,-122.432553
MLS Listing,,Multi-Family (5+ Unit),361 - 365 2nd Ave,San Francisco,CA,94118,3880000,7,6.0,San Francisco,7190,5998,1964,7,540,,Active,,,http://www.redfin.com/CA/San-Francisco/361-2nd-Ave-94118/home/1530953,San Francisco MLS,421547196,N,Y,37.7819554,-122.4602915
MLS Listing,,Multi-Family (2-4 Unit),3042-3046 Pierce St,SAN FRANCISCO,CA,94123,3850000,9,4.0,SAN FRANCISCO,4049,3441,1900,7,951,,Active,,,http://www.redfin.com/CA/San-Francisco/3042-Pierce-St-94123/unit-3046/home/2010056,MLSListings,ML81843420,N,Y,37.7982144,-122.4387297
MLS Listing,,Single Family Residential,2891 Jackson St,San Francisco,CA,94115,4950000,3,3.5,San Francisco,2780,2179,1900,7,1781,,Active,,,http://www.redfin.com/CA/San-Francisco/2891-Jackson-St-94115/home/1979418,San Francisco MLS,421547639,N,Y,37.791253,-122.442528
MLS Listing,,Single Family Residential,1880 Turk Blvd,San Francisco,CA,94115,5200000,8,8.0,San Francisco,7500,6390,1900,7,693,,Active,,,http://www.redfin.com/CA/San-Francisco/1880-Turk-Blvd-94115/home/1992046,San Francisco MLS,421546523,N,Y,37.7797338,-122.4402213
MLS Listing,,Condo/Co-op,1835 Franklin St #702,San Francisco,CA,94109,1195000,2,2.0,San Francisco,1500,8300,1965,7,797,1440,Active,,,http://www.redfin.com/CA/San-Francisco/1835-Franklin-St-94109/unit-702/home/1235906,San Francisco MLS,421526367,N,Y,37.7915552,-122.4245357
MLS Listing,,Condo/Co-op,6542 Fulton St,San Francisco,CA,94121,998000,2,1.0,San Francisco,994,1190,1937,7,1004,200,Active,,,http://www.redfin.com/CA/San-Francisco/6542-Fulton-St-94121/home/12277499,San Francisco MLS,421547482,N,Y,37.7719053,-122.5020418
MLS Listing,,Condo/Co-op,1300 22nd St #206,San Francisco,CA,94107,1365000,2,2.0,San Francisco,920,32000,2016,7,1484,754,Active,,,http://www.redfin.com/CA/San-Francisco/1300-22nd-St-94107/unit-206/home/167315220,San Francisco MLS,421546907,N,Y,37.7578379,-122.3944714
MLS Listing,,Condo/Co-op,45 Bartlett St #215,San Francisco,CA,94110,649000,1,1.0,San Francisco,494,23803,2014,7,1314,549,Active,,,http://www.redfin.com/CA/San-Francisco/45-Bartlett-St-94110/unit-215/home/109315471,San Francisco MLS,421541451,N,Y,37.7558162,-122.4197494
MLS Listing,,Condo/Co-op,827 North Point St #3,San Francisco,CA,94109,2350000,3,2.0,San Francisco,1579,3438,2014,7,1488,400,Active,,,http://www.redfin.com/CA/San-Francisco/827-N-Point-St-94109/unit-3/home/56876209,San Francisco MLS,421527518,N,Y,37.805534,-122.420929
MLS Listing,,Condo/Co-op,1733 Scott St #3,San Francisco,CA,94115,1495000,3,2.5,San Francisco,1425,2207,2001,7,1049,452,Active,,,http://www.redfin.com/CA/San-Francisco/1733-Scott-St-94115/unit-3/home/852393,San Francisco MLS,421534076,N,Y,37.7861802,-122.4385625
MLS Listing,,Condo/Co-op,1998 Broadway #807,San Francisco,CA,94109,1450000,2,2.0,Pacific Heights,1030,,1964,8,1408,,Active,,,http://www.redfin.com/CA/San-Francisco/1998-Broadway-94109/unit-807/home/1865773,"bridgeMLS, Bay East AOR, or Contra Costa AOR",40949439,N,Y,37.7953251,-122.4298254
MLS Listing,,Condo/Co-op,290 Meadow Dr #1,San Francisco,CA,94130,3734000,3,3.5,San Francisco,2457,,,8,1520,1304,Active,,,http://www.redfin.com/CA/San-Francisco/290-Meadow-DR-94130/unit-1/home/175111480,San Francisco MLS,421547302,N,Y,37.8229361,-122.3702611
MLS Listing,,Single Family Residential,5061-63 Mission St,SAN FRANCISCO,CA,94112,1499000,4,2.0,SAN FRANCISCO,2450,2088,1941,8,612,,Active,,,http://www.redfin.com/CA/San-Francisco/5061-Mission-St-94112/home/174914769,MLSListings,ML81843332,N,Y,37.7175012,-122.4399449
MLS Listing,,Multi-Family (2-4 Unit),3025 San Bruno Ave,SAN FRANCISCO,CA,94134,1298000,,,SAN FRANCISCO,2489,2047,1979,8,521,,Active,,,http://www.redfin.com/CA/San-Francisco/3025-San-Bruno-Ave-94134/home/1993741,MLSListings,ML81843331,N,Y,37.7234839,-122.4016382
MLS Listing,,Condo/Co-op,290 Red Rock Way Unit A,San Francisco,CA,94131,995000,4,2.5,San Francisco,1513,,1964,8,658,1119,Active,,,http://www.redfin.com/CA/San-Francisco/290-Red-Rock-Way-94131/unit-A/home/175110771,San Francisco MLS,421547654,N,Y,37.7460707,-122.443033
MLS Listing,,Condo/Co-op,1438 Green St Unit 7E and Studio 3,SAN FRANCISCO,CA,94109,2300000,3,3.0,SAN FRANCISCO,1738,,1998,8,1323,1100,Active,,,http://www.redfin.com/CA/San-Francisco/1438-Green-St-94109/unit-7E-and-Studio-3/home/175110699,MLSListings,ML81843326,N,Y,37.7980437,-122.4229237
MLS Listing,,Single Family Residential,1087 Goettingen St,San Francisco,CA,94134,799000,0,1.0,Visitation Vall.,830,1751,1954,8,963,,Active,,,http://www.redfin.com/CA/San-Francisco/1087-Goettingen-St-94134/home/1912354,"bridgeMLS, Bay East AOR, or Contra Costa AOR",40949349,N,Y,37.7186678,-122.4030013
MLS Listing,,Single Family Residential,574 London St,San Francisco,CA,94112,799000,2,1.0,San Francisco,1250,2495,1925,8,639,,Active,,,http://www.redfin.com/CA/San-Francisco/574-London-St-94112/home/1986314,San Francisco MLS,421547210,N,Y,37.7201323,-122.4374455
MLS Listing,,Condo/Co-op,2121 Webster St #301,San Francisco,CA,94115,4495000,3,2.5,San Francisco,2112,,2016,8,2128,1979,Active,,,http://www.redfin.com/CA/San-Francisco/2121-Webster-St-94115/unit-301/home/125805661,San Francisco MLS,421547548,N,Y,37.790222,-122.4329706
MLS Listing,,Single Family Residential,1554 44th Ave,San Francisco,CA,94122,1195000,3,1.0,San Francisco,1469,3000,1936,8,813,,Active,,,http://www.redfin.com/CA/San-Francisco/1554-44th-Ave-94122/home/635214,San Francisco MLS,421547541,N,Y,37.7576412,-122.5033251
MLS Listing,,Single Family Residential,468 Edinburgh St,San Francisco,CA,94112,1288888,4,3.5,San Francisco,2100,2495,1975,8,614,,Active,,,http://www.redfin.com/CA/San-Francisco/468-Edinburgh-St-94112/home/779240,San Francisco MLS,421545013,N,Y,37.72187,-122.431869
MLS Listing,,Condo/Co-op,88 King St #521,San Francisco,CA,94107,1325000,2,2.0,San Francisco,1145,82157,2000,8,1157,1124,Active,,,http://www.redfin.com/CA/San-Francisco/88-King-St-94107/unit-521/home/1987517,San Francisco MLS,421547188,N,Y,37.7806744,-122.3892218
MLS Listing,,Condo/Co-op,2853 Folsom St,San Francisco,CA,94110,1795000,2,2.5,San Francisco,1630,2809,,8,1101,353,Active,,,http://www.redfin.com/CA/San-Francisco/2853-Folsom-St-94110/home/1379812,San Francisco MLS,421546692,N,Y,37.7517154,-122.413668
MLS Listing,,Multi-Family (2-4 Unit),131 - 133 10th Ave,San Francisco,CA,94118,2800000,5,,San Francisco,3290,3000,1911,8,851,,Active,,,http://www.redfin.com/CA/San-Francisco/131-10th-Ave-94118/home/922871,San Francisco MLS,421546957,N,Y,37.7858411,-122.4692551
MLS Listing,,Single Family Residential,81 Bradford St,San Francisco,CA,94110,1195000,1,1.0,San Francisco,,3500,1960,8,,,Active,,,http://www.redfin.com/CA/San-Francisco/81-Bradford-St-94110/home/52059258,San Francisco MLS,421542351,N,Y,37.7416767,-122.4092848
MLS Listing,,Condo/Co-op,110 Channel St #312,San Francisco,CA,94158,809000,0,1.0,San Francisco,,49773,2017,8,,756,Active,,,http://www.redfin.com/CA/San-Francisco/110-Channel-St-94158/unit-312/home/108588136,San Francisco MLS,421531141,N,Y,37.7751436,-122.3906212
MLS Listing,,Condo/Co-op,2701 Van Ness Ave #411,San Francisco,CA,94109,849000,1,1.0,San Francisco,816,11915,1929,8,1040,574,Active,,,http://www.redfin.com/CA/San-Francisco/2701-Van-Ness-Ave-94109/unit-411/home/1952962,San Francisco MLS,421546945,N,Y,37.800573,-122.424849
MLS Listing,,Multi-Family (2-4 Unit),66 - 68 Winfield St,San Francisco,CA,94110,1950000,5,3.0,San Francisco,2396,1750,1900,8,814,,Active,,,http://www.redfin.com/CA/San-Francisco/66-Winfield-St-94110/home/1167166,San Francisco MLS,421546684,N,Y,37.744104,-122.417772
MLS Listing,,Single Family Residential,2085 Ocean Ave,San Francisco,CA,94127,2178500,4,3.0,San Francisco,2729,7762,1922,8,798,,Active,,,http://www.redfin.com/CA/San-Francisco/2085-Ocean-Ave-94127/home/1599427,San Francisco MLS,421547160,N,Y,37.7262758,-122.4656807
MLS Listing,,Condo/Co-op,160 Gardenside Dr #402,San Francisco,CA,94131,699000,1,1.0,San Francisco,777,17471,1975,8,900,449,Active,,,http://www.redfin.com/CA/San-Francisco/160-Gardenside-Dr-94131/unit-402/home/1446303,San Francisco MLS,421547011,N,Y,37.7543069,-122.4444679
MLS Listing,,Condo/Co-op,2855 Folsom St Unit A,San Francisco,CA,94110,2995000,3,3.0,San Francisco,2290,2809,,8,1308,707,Active,,,http://www.redfin.com/CA/San-Francisco/2855-Folsom-St-94110/unit-A/home/175108098,San Francisco MLS,421546609,N,Y,37.7516657,-122.4139053
MLS Listing,,Condo/Co-op,2829 25th St #2,San Francisco,CA,94110,1495000,2,2.0,San Francisco,1317,,1900,9,1135,434,Active,,,http://www.redfin.com/CA/San-Francisco/2829-25th-St-94110/unit-2/home/173681039,San Francisco MLS,421546761,N,Y,37.7510579,-122.4067261
MLS Listing,,Condo/Co-op,988 Fulton St #114,San Francisco,CA,94117,820000,1,1.0,San Francisco,695,41262,1999,9,1180,530,Active,,,http://www.redfin.com/CA/San-Francisco/988-Fulton-St-94117/unit-114/home/11892969,San Francisco MLS,421540512,N,Y,37.7777325,-122.4326346
MLS Listing,,Single Family Residential,149 Arleta,San Francisco,CA,94134,1399000,5,3.0,Visitation Vall.,2000,2382,1909,9,700,,Active,,,http://www.redfin.com/CA/San-Francisco/149-Arleta-Ave-94134/home/1448497,"bridgeMLS, Bay East AOR, or Contra Costa AOR",40949282,N,Y,37.7135203,-122.4062648
MLS Listing,,Single Family Residential,3536 Anza St,San Francisco,CA,94121,1449000,4,2.0,San Francisco,,3438,1919,9,,,Active,,,http://www.redfin.com/CA/San-Francisco/3536-Anza-St-94121/home/611570,San Francisco MLS,421546893,N,Y,37.7782491,-122.4863263
MLS Listing,,Single Family Residential,80 Regent St,San Francisco,CA,94112,1190000,5,5.0,San Francisco,3200,2548,2008,9,372,,Active,,,http://www.redfin.com/CA/San-Francisco/80-Regent-St-94112/home/28898932,San Francisco MLS,421544188,N,Y,37.709925,-122.4566109
MLS Listing,,Single Family Residential,423 Silver Ave,San Francisco,CA,94112,1050000,3,2.0,Excelsior,1500,2779,1918,9,700,,Active,,,http://www.redfin.com/CA/San-Francisco/423-Silver-Ave-94112/home/770130,"bridgeMLS, Bay East AOR, or Contra Costa AOR",40949266,N,Y,37.728791,-122.427666
MLS Listing,,Condo/Co-op,188 Minna St Unit 36B,San Francisco,CA,94105,3095000,2,2.5,San Francisco,1658,33056,2005,9,1867,2733,Active,,,http://www.redfin.com/CA/San-Francisco/188-Minna-94105/unit-36B/home/22886081,San Francisco MLS,421542987,N,Y,37.7861425,-122.4012961
MLS Listing,,Single Family Residential,224 Cambridge St,SAN FRANCISCO,CA,94134,1088000,2,1.0,SAN FRANCISCO,1162,2374,1947,9,936,,Active,,,http://www.redfin.com/CA/San-Francisco/224-Cambridge-St-94134/home/1406935,MLSListings,ML81843130,N,Y,37.7285281,-122.4195279
MLS Listing,,Vacant Land,326 Gambier St,San Francisco,CA,94134,599000,0,,San Francisco,,3000,,9,,,Active,,,http://www.redfin.com/CA/San-Francisco/326-Gambier-St-94134/unit-V/home/110064414,San Francisco MLS,421547276,N,Y,37.725208,-122.421496
MLS Listing,,Condo/Co-op,88 Townsend St #221,San Francisco,CA,94107,998000,1,1.0,San Francisco,950,37623,2004,9,1051,664,Active,,,http://www.redfin.com/CA/San-Francisco/88-Townsend-St-94102/unit-221/home/12401553,San Francisco MLS,421547287,N,Y,37.7811985,-122.3906654
MLS Listing,,Multi-Family (2-4 Unit),33 - 37 29th St,San Francisco,CA,94110,3100000,6,4.0,San Francisco,4500,1572,1908,9,689,,Active,,,http://www.redfin.com/CA/San-Francisco/33-29th-St-94110/home/22045708,San Francisco MLS,421547300,N,Y,37.7438325,-122.4216653
MLS Listing,,Condo/Co-op,181 Fremont Unit 68B,San Francisco,CA,94105,15500000,2,2.5,San Francisco,3256,,2018,9,4760,3426,Active,,,http://www.redfin.com/CA/San-Francisco/181-Fremont-St-94105/unit-68B/home/148581467,San Francisco MLS,421547268,N,Y,37.7898082,-122.3953565
MLS Listing,,Condo/Co-op,57 Alpine Ter,San Francisco,CA,94117,2075000,3,2.5,San Francisco,2115,2156,,9,981,245,Active,,,http://www.redfin.com/CA/San-Francisco/57-Alpine-Ter-94117/home/40142525,San Francisco MLS,421546454,N,Y,37.7695797,-122.4374314
MLS Listing,,Single Family Residential,1410 Jefferson St,San Francisco,CA,94123,3850000,4,4.0,San Francisco,3023,,1931,9,1274,,Active,,,http://www.redfin.com/CA/San-Francisco/1410-Jefferson-St-94123/home/1049587,San Francisco MLS,421547018,N,Y,37.8057937,-122.4359494
MLS Listing,,Condo/Co-op,1040 Masonic Ave #2,San Francisco,CA,94117,998000,2,1.0,San Francisco,,3440,,9,,438,Active,,,http://www.redfin.com/CA/San-Francisco/1040-Masonic-Ave-94117/unit-2/home/1441185,San Francisco MLS,421544641,N,Y,37.771596,-122.4451978
MLS Listing,,Single Family Residential,318 Gambier St,San Francisco,CA,94134,699000,2,,San Francisco,720,2375,1912,9,971,,Active,,,http://www.redfin.com/CA/San-Francisco/318-Gambier-St-94134/home/1663534,San Francisco MLS,421547208,N,Y,37.7252723,-122.4214858
MLS Listing,,Multi-Family (2-4 Unit),583 - 585 Grove St,San Francisco,CA,94102,995000,3,2.0,San Francisco,1536,762,1900,9,648,,Active,,,http://www.redfin.com/CA/San-Francisco/583-Grove-St-94102/home/1050484,San Francisco MLS,421547209,N,Y,37.7773133,-122.4260924
MLS Listing,,Condo/Co-op,118 Alta St,San Francisco,CA,94133,2495000,3,2.5,San Francisco,2363,7487,1907,9,1056,608,Active,,,http://www.redfin.com/CA/San-Francisco/118-Alta-St-94133/home/1088351,San Francisco MLS,421545133,N,Y,37.801591,-122.405323
MLS Listing,,Condo/Co-op,280 Spear St Unit 25F,San Francisco,CA,94105,1599999,1,1.0,San Francisco,,,,9,,1115,Active,,,http://www.redfin.com/CA/San-Francisco/280-Spear-St-94105/unit-25F/home/175106366,San Francisco MLS,421544129,N,Y,37.7904035,-122.3915567
MLS Listing,,Condo/Co-op,1924 Grove St,San Francisco,CA,94117,1695000,3,2.0,San Francisco,1621,2750,1921,9,1046,200,Active,,,http://www.redfin.com/CA/San-Francisco/1924-Grove-St-94117/home/21966501,San Francisco MLS,421528732,N,Y,37.774837,-122.4484
MLS Listing,,Condo/Co-op,2200 Pacific Ave Unit 4A,San Francisco,CA,94115,1488000,2,2.0,San Francisco,1856,14450,1962,9,802,1737,Active,,,http://www.redfin.com/CA/San-Francisco/2200-Pacific-Ave-94115/unit-4A/home/1451114,San Francisco MLS,421547122,N,Y,37.7939819,-122.4317719
MLS Listing,,Single Family Residential,729 Congo St,San Francisco,CA,94131,3495000,4,3.5,San Francisco,3350,1936,2013,9,1043,,Active,,,http://www.redfin.com/CA/San-Francisco/729-Congo-St-94131/home/28923056,San Francisco MLS,514478,N,Y,37.735557,-122.4417712
MLS Listing,,Single Family Residential,1488 Rhode Island St,San Francisco,CA,94107,1199000,2,1.0,San Francisco,845,2700,1927,9,1419,,Active,,,http://www.redfin.com/CA/San-Francisco/1488-Rhode-Island-St-94107/home/1534019,San Francisco MLS,421547030,N,Y,37.7508605,-122.4014856
MLS Listing,,Multi-Family (2-4 Unit),3774 Mission St,San Francisco,CA,94110,995000,4,,San Francisco,2372,2495,1910,9,419,,Active,,,http://www.redfin.com/CA/San-Francisco/3774-Mission-St-94110/home/60366509,San Francisco MLS,421547137,N,Y,37.7364325,-122.4245278
MLS Listing,,Condo/Co-op,2250 Hyde St #2,San Francisco,CA,94109,2475000,2,2.0,San Francisco,,,,9,,867,Active,,,http://www.redfin.com/CA/San-Francisco/2250-Hyde-St-94109/unit-2/home/12400007,San Francisco MLS,421544702,N,Y,37.801749,-122.4194063
MLS Listing,,Vacant Land,1633 Cabrillo St,San Francisco,CA,94121,1788000,0,,San Francisco,,2495,,9,,,Active,,,http://www.redfin.com/CA/San-Francisco/1633-Cabrillo-St-94121/home/109272094,San Francisco MLS,421544971,N,Y,37.7745541,-122.4763259
MLS Listing,,Multi-Family (5+ Unit),58 - 62 Alvarado,San Francisco,CA,94110,1495000,,2.0,San Francisco,4725,2850,,9,316,,Active,,,http://www.redfin.com/CA/San-Francisco/58-Alvarado-St-94110/home/719313,San Francisco MLS,421543356,N,Y,37.7546565,-122.4224257
MLS Listing,,Condo/Co-op,709 Central,San Francisco,CA,94117,1295000,3,1.5,San Francisco,1228,1856,,10,1055,150,Active,,,http://www.redfin.com/CA/San-Francisco/709-Central-Ave-94117/home/859659,San Francisco MLS,513889,N,Y,37.7762097,-122.4450069
MLS Listing,,Vacant Land,999 Donner Ave,San Francisco,CA,94124,7500,0,,San Francisco,,4996,,10,,,Active,,,http://www.redfin.com/CA/San-Francisco/999-Donner-Ave-94124/home/175104840,San Francisco MLS,421547074,N,Y,37.7191477,-122.3850685
MLS Listing,,Single Family Residential,109 Porter St,San Francisco,CA,94110,1338800,3,4.0,San Francisco,1700,1746,,10,788,,Active,,,http://www.redfin.com/CA/San-Francisco/109-Porter-St-94110/home/1559033,San Francisco MLS,421545307,N,Y,37.7338199,-122.4180347
MLS Listing,,Single Family Residential,1317 Bosworth St,San Francisco,CA,94131,1695000,3,2.0,San Francisco,1625,6075,1921,11,1043,,Active,,,http://www.redfin.com/CA/San-Francisco/1317-Bosworth-St-94131/home/1177532,San Francisco MLS,421544987,N,Y,37.7365542,-122.44208
MLS Listing,,Single Family Residential,440 Silliman St,San Francisco,CA,94134,998000,4,1.5,San Francisco,2425,2517,1915,11,412,,Active,,,http://www.redfin.com/CA/San-Francisco/440-Silliman-St-94134/home/1901431,San Francisco MLS,421544541,N,Y,37.730231,-122.409811
MLS Listing,,Condo/Co-op,2217 Pacific Ave #3,San Francisco,CA,94115,810000,1,1.0,San Francisco,612,3152,1904,11,1324,255,Active,,,http://www.redfin.com/CA/San-Francisco/2217-Pacific-Ave-94115/unit-3/home/1383825,San Francisco MLS,421522989,N,Y,37.793421,-122.432139
MLS Listing,,Multi-Family (5+ Unit),688 Haight St,San Francisco,CA,94117,2500000,7,2.0,San Francisco,4950,2750,1885,11,505,,Active,,,http://www.redfin.com/CA/San-Francisco/688-Haight-St-94117/home/52370241,San Francisco MLS,421546748,N,Y,37.7719008,-122.4335636
MLS Listing,,Multi-Family (2-4 Unit),100 - 104 College Ave,San Francisco,CA,94112,2950000,9,3.0,San Francisco,5472,2391,1912,11,539,,Active,,,http://www.redfin.com/CA/San-Francisco/100-College-Ave-94112/home/148077435,San Francisco MLS,421546895,N,Y,37.7353705,-122.4269607
MLS Listing,,Condo/Co-op,2831 - 2833 Webster St #6,San Francisco,CA,94123,799000,2,1.0,San Francisco,769,2970,1906,11,1039,373,Active,,,http://www.redfin.com/CA/San-Francisco/2831-Webster-St-94123/unit-6/home/175103230,San Francisco MLS,421546901,N,Y,37.7967746,-122.4340136
MLS Listing,,Single Family Residential,7 Edna St,San Francisco,CA,94112,949000,2,1.0,San Francisco,915,2495,1914,11,1037,,Active,,,http://www.redfin.com/CA/San-Francisco/7-Edna-St-94112/home/698453,San Francisco MLS,421536380,N,Y,37.7268525,-122.4467459
MLS Listing,,Multi-Family (5+ Unit),2981 - 2987 25th St,San Francisco,CA,94110,2490000,8,4.0,San Francisco,4310,2622,1910,12,578,,Active,,,http://www.redfin.com/CA/San-Francisco/2981-25th-St-94110/home/736915,San Francisco MLS,421546836,N,Y,37.7510226,-122.4096686
MLS Listing,,Single Family Residential,25 Margaret Ave,San Francisco,CA,94112,1288000,4,2.5,San Francisco,2440,2535,1931,12,528,,Active,,,http://www.redfin.com/CA/San-Francisco/25-Margaret-Ave-94112/home/2022600,San Francisco MLS,421545713,N,Y,37.7182137,-122.4517331
MLS Listing,,Condo/Co-op,139 South Lake Merced Hls Unit 1B,San Francisco,CA,94132,849000,3,2.0,San Francisco,1474,15266,1975,12,576,897,Active,,,http://www.redfin.com/CA/San-Francisco/139-S-Lake-Merced-Hls-94132/unit-1B/home/1940766,San Francisco MLS,421546734,N,Y,37.7085685,-122.4832098
MLS Listing,,Single Family Residential,1626 21st Ave,San Francisco,CA,94122,1299000,3,2.0,San Francisco,2033,2996,1938,12,639,,Active,,,http://www.redfin.com/CA/San-Francisco/1626-21st-Ave-94122/home/1636324,San Francisco MLS,421545166,N,Y,37.757343,-122.4785446
MLS Listing,,Condo/Co-op,200 Townsend St #21,San Francisco,CA,94107,899000,1,2.0,San Francisco,877,15768,2003,12,1025,624,Active,,,http://www.redfin.com/CA/San-Francisco/200-Townsend-St-94107/unit-21/home/2072674,San Francisco MLS,421542159,N,Y,37.7789208,-122.3932323
MLS Listing,,Condo/Co-op,250 King St #778,San Francisco,CA,94107,1128000,2,2.0,San Francisco,1122,213232,2004,12,1005,1053,Active,,,http://www.redfin.com/CA/San-Francisco/250-King-St-94107/unit-778/home/22889376,San Francisco MLS,421546629,N,Y,37.7781222,-122.3932903
MLS Listing,,Single Family Residential,647 32nd Ave,San Francisco,CA,94121,1690000,3,2.0,San Francisco,2202,2996,1935,12,767,,Active,,,http://www.redfin.com/CA/San-Francisco/647-32nd-Ave-94121/home/618374,San Francisco MLS,421545664,N,Y,37.7769128,-122.4923885
MLS Listing,,Condo/Co-op,3208 Pierce St #402,San Francisco,CA,94123,1499000,2,2.5,San Francisco,1253,8260,2007,12,1196,977,Active,,,http://www.redfin.com/CA/San-Francisco/3208-Pierce-St-94123/unit-402/home/12354641,San Francisco MLS,421546701,N,Y,37.7997886,-122.4391866
MLS Listing,,Condo/Co-op,1885 Jackson St #101,San Francisco,CA,94109,1198000,2,2.0,San Francisco,1028,6524,1962,12,1165,995,Active,,,http://www.redfin.com/CA/San-Francisco/1885-Jackson-St-94109/unit-101/home/1953036,San Francisco MLS,421544053,N,Y,37.7933262,-122.4257994
MLS Listing,,Condo/Co-op,1370 Broadway,San Francisco,CA,94109,1235000,3,1.0,San Francisco,1340,2111,1910,12,922,130,Active,,,http://www.redfin.com/CA/San-Francisco/1370-Broadway-94109/home/11892948,San Francisco MLS,421546604,N,Y,37.7962998,-122.41959
MLS Listing,,Condo/Co-op,1001 Pine St #612,San Francisco,CA,94109,589000,0,1.0,San Francisco,450,18906,1963,12,1309,430,Active,,,http://www.redfin.com/CA/San-Francisco/1001-Pine-St-94109/unit-612/home/552590,San Francisco MLS,421546186,N,Y,37.790348,-122.412568
MLS Listing,,Condo/Co-op,3241 Mission St #3,SAN FRANCISCO,CA,94110,699888,1,1.0,SAN FRANCISCO,597,,1980,12,1172,230,Active,,,http://www.redfin.com/CA/San-Francisco/3241-3243-Mission-St-94110/unit-3/home/145589527,MLSListings,ML81842774,N,Y,37.744802,-122.4199728
MLS Listing,,Single Family Residential,41 Kronquist Ct,San Francisco,CA,94131,2795000,3,3.0,San Francisco,2012,2495,1949,12,1389,,Active,,,http://www.redfin.com/CA/San-Francisco/41-Kronquist-Ct-94131/home/2025274,San Francisco MLS,421546259,N,Y,37.7466139,-122.4348023
MLS Listing,,Condo/Co-op,2855 Folsom St,San Francisco,CA,94110,2195000,3,3.0,San Francisco,1935,2809,1902,12,1134,353,Active,,,http://www.redfin.com/CA/San-Francisco/2855-Folsom-St-94110/home/175100230,San Francisco MLS,421546383,N,Y,37.7516657,-122.4139053
MLS Listing,,Condo/Co-op,585 Francisco St,San Francisco,CA,94133,849000,2,1.0,San Francisco,,2877,,12,,358,Active,,,http://www.redfin.com/CA/San-Francisco/585-Francisco-St-94133/home/40445011,San Francisco MLS,421546275,N,Y,37.8044489,-122.4147212
MLS Listing,,Condo/Co-op,601 4th St #329,San Francisco,CA,94107,945000,1,1.0,San Francisco,1104,,1916,12,856,696,Active,,,http://www.redfin.com/CA/San-Francisco/601-4th-St-94107/unit-329/home/12396474,San Francisco MLS,421517904,N,Y,37.778254,-122.3958876
MLS Listing,,Condo/Co-op,1531 11th Ave,San Francisco,CA,94122,1545000,3,2.0,San Francisco,1550,2999,1964,12,997,270,Active,,,http://www.redfin.com/CA/San-Francisco/1531-11th-Ave-94122/home/144063742,San Francisco MLS,421546516,N,Y,37.7596153,-122.4683522
MLS Listing,,Condo/Co-op,4250 - A 25th St,San Francisco,CA,94114,1099999,3,2.0,San Francisco,961,3419,1907,12,1145,300,Active,,,http://www.redfin.com/CA/San-Francisco/4250-25th-St-94114/home/18958903,San Francisco MLS,421546384,N,Y,37.7498083,-122.4350614
MLS Listing,,Multi-Family (2-4 Unit),3221 - 3223 Market St,San Francisco,CA,94114,1625000,5,,San Francisco,1670,2596,1908,12,973,,Active,,,http://www.redfin.com/CA/San-Francisco/3221-Market-St-94114/home/1766418,San Francisco MLS,421545659,N,Y,37.7590665,-122.4445445
MLS Listing,,Condo/Co-op,750 South Van Ness Ave,San Francisco,CA,94110,1398000,3,1.5,San Francisco,1730,3568,1900,12,808,420,Active,,,http://www.redfin.com/CA/San-Francisco/750-S-Van-Ness-Ave-94110/home/17306699,San Francisco MLS,421544996,N,Y,37.7611453,-122.4174945
MLS Listing,,Single Family Residential,130 Stanford Heights Ave,San Francisco,CA,94127,1295000,2,1.0,San Francisco,,2574,1962,12,,,Active,,,http://www.redfin.com/CA/San-Francisco/130-Stanford-Heights-Ave-94127/home/1542090,San Francisco MLS,421537143,N,Y,37.7363819,-122.4496271
MLS Listing,,Condo/Co-op,1601 Pacific Ave #401,San Francisco,CA,94109,1595000,2,2.0,San Francisco,1310,7361,2000,12,1218,933,Active,,,http://www.redfin.com/CA/San-Francisco/1601-Pacific-Ave-94109/unit-401/home/12397566,San Francisco MLS,421532670,N,Y,37.7948488,-122.4218176
MLS Listing,,Condo/Co-op,239 Brannan St Unit 9G,San Francisco,CA,94107,1750000,2,2.0,San Francisco,1550,82966,2002,12,1129,1301,Active,,,http://www.redfin.com/CA/San-Francisco/239-Brannan-St-94107/unit-9G/home/1745989,San Francisco MLS,421533035,N,Y,37.782662,-122.39058
MLS Listing,,Single Family Residential,2619 25th Ave,San Francisco,CA,94116,1295000,3,1.0,San Francisco,1368,2996,1948,12,947,,Active,,,http://www.redfin.com/CA/San-Francisco/2619-25th-Ave-94116/home/1985225,San Francisco MLS,421546265,N,Y,37.7386101,-122.4820823
MLS Listing,,Condo/Co-op,1327 Cabrillo St,San Francisco,CA,94118,1575000,2,1.5,San Francisco,1755,2750,1922,12,897,,Active,,,http://www.redfin.com/CA/San-Francisco/1327-Cabrillo-St-94118/home/12277495,San Francisco MLS,421546112,N,Y,37.7747085,-122.4729413
MLS Listing,,Multi-Family (2-4 Unit),1775 - 1777 Pacific Ave,San Francisco,CA,94109,2735000,4,4.0,San Francisco,2762,1964,1950,12,990,,Active,,,http://www.redfin.com/CA/San-Francisco/1775-Pacific-Ave-94109/home/1871563,San Francisco MLS,421546303,N,Y,37.7944513,-122.4244551
MLS Listing,,Multi-Family (2-4 Unit),620 - 22 Waller St,San Francisco,CA,94117,2395000,4,2.0,San Francisco,2225,946,1900,12,1076,,Active,,,http://www.redfin.com/CA/San-Francisco/620-Waller-St-94117/home/1995930,San Francisco MLS,421545298,N,Y,37.7708297,-122.4340134
MLS Listing,,Multi-Family (2-4 Unit),30 - 32 Coso Ave,San Francisco,CA,94110,998000,3,2.0,San Francisco,1880,3524,1900,12,531,,Active,,,http://www.redfin.com/CA/San-Francisco/3032-Coso-Ave-94110/home/175105724,San Francisco MLS,421544784,N,Y,37.746199,-122.418535
MLS Listing,,Condo/Co-op,30 Coso Ave #32,San Francisco,CA,94110,449000,2,1.0,San Francisco,1160,3524,1900,12,387,,Active,,,http://www.redfin.com/CA/San-Francisco/30-Coso-Ave-94110/unit-32/home/175098078,San Francisco MLS,421544779,N,Y,37.746199,-122.418535
MLS Listing,,Condo/Co-op,30 Coso Ave #30,San Francisco,CA,94110,549000,1,1.0,San Francisco,1060,3524,1900,12,518,,Active,,,http://www.redfin.com/CA/San-Francisco/30-Coso-Ave-94110/unit-30/home/175098077,San Francisco MLS,421544771,N,Y,37.746199,-122.418535
MLS Listing,,Single Family Residential,23 Skyview Way,San Francisco,CA,94131,1995000,4,4.0,San Francisco,2317,,1955,12,861,,Active,,,http://www.redfin.com/CA/San-Francisco/23-Skyview-Way-94131/home/1308418,San Francisco MLS,421546114,N,Y,37.7493636,-122.4505499
MLS Listing,,Single Family Residential,1146 Florida St,San Francisco,CA,94110,3595000,3,3.5,San Francisco,2954,2500,1900,13,1217,,Active,,,http://www.redfin.com/CA/San-Francisco/1146-Florida-St-94110/home/965706,San Francisco MLS,421545383,N,Y,37.7535838,-122.4103387
MLS Listing,,Single Family Residential,2334 46th Ave,San Francisco,CA,94116,799000,2,1.0,San Francisco,1125,2996,1941,13,710,,Active,,,http://www.redfin.com/CA/San-Francisco/2334-46th-Ave-94116/home/1921657,San Francisco MLS,421546341,N,Y,37.7429579,-122.5044857
MLS Listing,,Single Family Residential,17 Elsie St,San Francisco,CA,94110,1199000,2,1.5,San Francisco,1183,1750,1918,13,1014,,Active,,,http://www.redfin.com/CA/San-Francisco/17-Elsie-St-94110/home/1074913,San Francisco MLS,421545191,N,Y,37.7447353,-122.4162982
MLS Listing,,Single Family Residential,478 28th Ave,San Francisco,CA,94121,1499000,0,,San Francisco,2150,2688,1911,13,697,,Active,,,http://www.redfin.com/CA/San-Francisco/478-28th-Ave-94121/home/1199993,San Francisco MLS,421545721,N,Y,37.7804308,-122.4877863
MLS Listing,,Condo/Co-op,1282 Hayes #401,San Francisco,CA,94117,2395000,3,3.0,San Francisco,,,2019,13,,768,Active,,,http://www.redfin.com/CA/San-Francisco/1282-Hayes-St-94117/unit-401/home/174473448,San Francisco MLS,421546344,N,Y,37.775193,-122.4372745
MLS Listing,,Condo/Co-op,675 Tennessee St Unit A,San Francisco,CA,94027,998000,1,1.5,San Francisco,1092,2500,1997,13,914,350,Active,,,http://www.redfin.com/CA/San-Francisco/675-Tennessee-St-94107/unit-A/home/12396290,San Francisco MLS,421545991,N,Y,37.7634347,-122.3894041
MLS Listing,,Single Family Residential,3931 19th St,San Francisco,CA,94114,2995000,3,3.0,San Francisco,,2848,,13,,,Active,,,http://www.redfin.com/CA/San-Francisco/3931-19th-St-94114/home/2013999,San Francisco MLS,421546005,N,Y,37.7593231,-122.4313174
MLS Listing,,Single Family Residential,3929 19th St,San Francisco,CA,94114,3495000,6,4.5,San Francisco,,2848,,13,,,Active,,,http://www.redfin.com/CA/San-Francisco/3929-19th-St-94114/home/1848706,San Francisco MLS,421545993,N,Y,37.7592108,-122.4311305
MLS Listing,,Single Family Residential,210 Monterey Blvd,San Francisco,CA,94131,995000,2,1.0,San Francisco,743,2495,1940,13,1339,,Active,,,http://www.redfin.com/CA/San-Francisco/210-Monterey-Blvd-94131/home/2011976,San Francisco MLS,421543679,N,Y,37.7318737,-122.440077
MLS Listing,,Condo/Co-op,1335 Willard St,San Francisco,CA,94117,1199000,2,1.0,San Francisco,1073,2465,1922,13,1117,400,Active,,,http://www.redfin.com/CA/San-Francisco/1335-Willard-St-94117/home/1977855,San Francisco MLS,421533681,N,Y,37.764672,-122.454584
MLS Listing,,Condo/Co-op,195 7th St #402,San Francisco,CA,94103,399000,0,1.0,San Francisco,,4500,1991,13,,370,Active,,,http://www.redfin.com/CA/San-Francisco/195-7th-St-94103/unit-402/home/955611,San Francisco MLS,421545271,N,Y,37.7783013,-122.4094944
MLS Listing,,Multi-Family (2-4 Unit),1452 - 1454 Clement St,San Francisco,CA,94118,1999000,4,3.5,San Francisco,3735,2606,1915,13,535,,Active,,,http://www.redfin.com/CA/San-Francisco/1452-Clement-St-94118/home/1000723,San Francisco MLS,421545737,N,Y,37.782723,-122.4750034
MLS Listing,,Condo/Co-op,701 Hampshire St #6,San Francisco,CA,94110,479000,0,1.0,San Francisco,,,1960,13,,340,Active,,,http://www.redfin.com/CA/San-Francisco/701-Hampshire-St-94110/unit-6/home/175094592,San Francisco MLS,421546158,N,Y,37.7603979,-122.4078827
MLS Listing,,Single Family Residential,3751 21st St,San Francisco,CA,94114,2195000,4,3.5,San Francisco,,2848,1910,13,,,Active,,,http://www.redfin.com/CA/San-Francisco/3751-21st-St-94114/home/1694880,San Francisco MLS,421542520,N,Y,37.7561226,-122.4312517
MLS Listing,,Condo/Co-op,139 South Lake Merced Hls Unit 3A,San Francisco,CA,94132,849000,2,2.0,San Francisco,1297,15266,1975,13,655,897,Active,,,http://www.redfin.com/CA/San-Francisco/139-S-Lake-Merced-Hls-94132/unit-3A/home/837758,San Francisco MLS,421546113,N,Y,37.7085685,-122.4832098
MLS Listing,,Condo/Co-op,1650 Jackson St #406,SAN FRANCISCO,CA,94109,799000,1,1.0,SAN FRANCISCO,875,14631,1991,13,913,888,Active,,,http://www.redfin.com/CA/San-Francisco/1650-Jackson-St-94109/unit-406/home/1322898,MLSListings,ML81842544,N,Y,37.7942661,-122.42226
MLS Listing,,Single Family Residential,2130 Filbert St,San Francisco,CA,94123,4750000,4,3.5,San Francisco,,1560,1900,13,,,Active,,,http://www.redfin.com/CA/San-Francisco/2130-Filbert-St-94123/home/1459507,San Francisco MLS,421545167,N,Y,37.7983301,-122.4346421
MLS Listing,,Condo/Co-op,12 Auburn St,San Francisco,CA,94133,1099000,2,1.0,San Francisco,,,1926,13,,,Active,,,http://www.redfin.com/CA/San-Francisco/12-Auburn-St-94133/home/1754773,San Francisco MLS,421544890,N,Y,37.7954708,-122.4123051
MLS Listing,,Single Family Residential,2110 Scott St,San Francisco,CA,94115,8750000,6,5.5,San Francisco,7148,3634,1900,13,1224,,Active,,,http://www.redfin.com/CA/San-Francisco/2110-Scott-St-94115/home/1153551,San Francisco MLS,421541124,N,Y,37.7897503,-122.4387369
MLS Listing,,Condo/Co-op,3228 Divisadero St,San Francisco,CA,94123,3295000,3,2.5,San Francisco,,,2021,13,,863,Active,,,http://www.redfin.com/CA/San-Francisco/3228-Divisadero-St-94123/home/174553241,San Francisco MLS,421545658,N,Y,37.7995659,-122.4425597
MLS Listing,,Condo/Co-op,433 26th Ave,SAN FRANCISCO,CA,94121,1698000,4,3.0,SAN FRANCISCO,2158,3372,2010,13,787,130,Active,,,http://www.redfin.com/CA/San-Francisco/433-26th-Ave-94121/home/40023002,MLSListings,ML81842518,N,Y,37.7813354,-122.4861429
MLS Listing,,Condo/Co-op,3120 23rd St,San Francisco,CA,94110,2295000,3,3.5,San Francisco,,1624,1900,13,,,Active,,,http://www.redfin.com/CA/San-Francisco/3120-23rd-St-94110/home/721615,San Francisco MLS,421545776,N,Y,37.7542443,-122.4147679
MLS Listing,,Condo/Co-op,3122 23rd St,San Francisco,CA,94110,1995000,3,2.5,San Francisco,,1624,1900,13,,,Active,,,http://www.redfin.com/CA/San-Francisco/3122-23rd-St-94110/home/52266796,San Francisco MLS,421545825,N,Y,37.7542455,-122.4147355
MLS Listing,,Single Family Residential,3927 19th St,San Francisco,CA,94114,2995000,4,3.5,San Francisco,,2848,,13,,,Active,,,http://www.redfin.com/CA/San-Francisco/3927-19th-St-94114/home/711988,San Francisco MLS,421545520,N,Y,37.7592631,-122.4310315
